Breast cancer,Neoplasms
Cervical cancer,"Neoplasms, Diseases of the genitourinary system"
Uterine cancer,"Neoplasms, Diseases of the genitourinary system"
Prostate cancer,"Neoplasms, Diseases of the genitourinary system"
Colon and rectum cancer,"Neoplasms, Diseases of the digestive system"
Lip and oral cavity cancer,Neoplasms
Nasopharynx cancer,Neoplasms
Other pharynx cancer,Neoplasms
Gallbladder and biliary tract cancer,"Neoplasms, Diseases of the digestive system"
Pancreatic cancer,"Neoplasms, Diseases of the digestive system"
Malignant skin melanoma,"Neoplasms, Diseases of the skin"
Non-melanoma skin cancer,"Neoplasms, Diseases of the skin"
Ovarian cancer,"Neoplasms, Diseases of the genitourinary system"
Testicular cancer,"Neoplasms, Diseases of the genitourinary system"
Kidney cancer,"Neoplasms, Diseases of the genitourinary system"
Bladder cancer,"Neoplasms, Diseases of the genitourinary system"
Brain and central nervous system cancer,"Neoplasms, Diseases of the nervous system"
Thyroid cancer,"Neoplasms, ""Endocrine, nutritional, and metabolic diseases"""
Mesothelioma,Neoplasms
Hodgkin lymphoma,"Neoplasms, Diseases of the blood and blood-forming organs"
Non-Hodgkin lymphoma,"Neoplasms, Diseases of the blood and blood-forming organs"
Multiple myeloma,"Neoplasms, Diseases of the blood and blood-forming organs"
Leukemia,"Neoplasms, Diseases of the blood and blood-forming organs"
Other malignant neoplasms,Neoplasms
Other neoplasms,Neoplasms
Rheumatic heart disease,Diseases of the circulatory system
Thalassemias,"Diseases of the blood and blood-forming organs, Congenital malformations and chomosomal abnormalities"
Sickle cell disorders,"Diseases of the blood and blood-forming organs, Congenital malformations and chomosomal abnormalities"
G6PD deficiency,Congenital malformations and chomosomal abnormalities
Other hemoglobinopathies and hemolytic anemias,Diseases of the blood and blood-forming organs
Rheumatoid arthritis,Diseases of the musculoskeletal system and connective tissue
Other musculoskeletal disorders,Diseases of the musculoskeletal system and connective tissue
Neural tube defects,Diseases of the nervous system
Congenital heart anomalies,"Congenital malformations and chomosomal abnormalities, Diseases of the circulatory system"
Orofacial clefts,Congenital malformations and chomosomal abnormalities
Down syndrome,Congenital malformations and chomosomal abnormalities
Other chromosomal abnormalities,Congenital malformations and chomosomal abnormalities
Congenital musculoskeletal and limb anomalies,"Congenital malformations and chomosomal abnormalities, Diseases of the musculoskeletal system and connective tissue"
Urogenital congenital anomalies,"Congenital malformations and chomosomal abnormalities, Diseases of the genitourinary system"
Digestive congenital anomalies,"Congenital malformations and chomosomal abnormalities, Diseases of the digestive system"
Other congenital birth defects,Congenital malformations and chomosomal abnormalities
Typhoid and paratyphoid,Infectious and parasitic diseases
Invasive Non-typhoidal Salmonella (iNTS),Infectious and parasitic diseases
Bacterial skin diseases,"Infectious and parasitic diseases, Diseases of the skin"
Maternal abortion and miscarriage,Pregnancy and childbirth
Pulmonary Arterial Hypertension,Diseases of the circulatory system
Other nutritional deficiencies,"""Endocrine, nutritional, and metabolic diseases"""
Syphilis,"Infectious and parasitic diseases, Diseases of the genitourinary system"
Chlamydial infection,"Infectious and parasitic diseases, Diseases of the genitourinary system"
Gonococcal infection,"Infectious and parasitic diseases, Diseases of the genitourinary system"
Other sexually transmitted infections,"Infectious and parasitic diseases, Diseases of the genitourinary system"
Acute hepatitis,Infectious and parasitic diseases
Other unspecified infectious diseases,Infectious and parasitic diseases
Esophageal cancer,"Neoplasms, Diseases of the digestive system"
Stomach cancer,"Neoplasms, Diseases of the digestive system"
Liver cancer,"Neoplasms, Diseases of the digestive system"
Larynx cancer,"Neoplasms, Diseases of the digestive system"
"Tracheal, bronchus, and lung cancer","Neoplasms, Diseases of the respiratory system"
Alcohol use disorders,Mental and behavioural disorders
Drug use disorders,Mental and behavioural disorders
Eating disorders,Mental and behavioural disorders
Diabetes mellitus,"""Endocrine, nutritional, and metabolic diseases"""
Acute glomerulonephritis,Diseases of the genitourinary system
Chronic kidney disease,Diseases of the genitourinary system
Urinary tract infections and interstitial nephritis,"Infectious and parasitic diseases, Diseases of the genitourinary system"
Urolithiasis,Diseases of the genitourinary system
Other urinary diseases,Diseases of the genitourinary system
Uterine fibroids,Diseases of the genitourinary system
Endometriosis,Diseases of the genitourinary system
Genital prolapse,Diseases of the genitourinary system
Other gynecological diseases,Diseases of the genitourinary system
Police conflict and executions,"""Injury, poisoning and certain other consequences of external causes"""
Zika virus,Infectious and parasitic diseases
Conflict and terrorism,"""Injury, poisoning and certain other consequences of external causes"""
Malaria,"Infectious and parasitic diseases, Diseases of the blood and blood-forming organs"
Chagas disease,Infectious and parasitic diseases
Leishmaniasis,Infectious and parasitic diseases
African trypanosomiasis,Infectious and parasitic diseases
Schistosomiasis,"Infectious and parasitic diseases, Diseases of the digestive system, Diseases of the genitourinary system"
Cysticercosis,Infectious and parasitic diseases
Cystic echinococcosis,"Infectious and parasitic diseases, Diseases of the digestive system"
Dengue,Infectious and parasitic diseases
Yellow fever,Infectious and parasitic diseases
Rabies,Infectious and parasitic diseases
Intestinal nematode infections,"Infectious and parasitic diseases, Diseases of the digestive system"
Other neglected tropical diseases,Infectious and parasitic diseases
Maternal hemorrhage,"Pregnancy and childbirth, Diseases of the blood and blood-forming organs"
Maternal sepsis and other maternal infections,"Pregnancy and childbirth, Infectious and parasitic diseases"
Maternal hypertensive disorders,"Pregnancy and childbirth, Diseases of the circulatory system"
Maternal obstructed labor and uterine rupture,"Pregnancy and childbirth, Diseases of the genitourinary system"
Ectopic pregnancy,Pregnancy and childbirth
Indirect maternal deaths,Pregnancy and childbirth
Late maternal deaths,Pregnancy and childbirth
Other direct maternal disorders,Pregnancy and childbirth
Neonatal preterm birth,Pregnancy and childbirth
Neonatal encephalopathy due to birth asphyxia and trauma,"Diseases of the nervous system, ""Injury, poisoning and certain other consequences of external causes"""
Neonatal sepsis and other neonatal infections,Infectious and parasitic diseases
Hemolytic disease and other neonatal jaundice,"Diseases of the blood and blood-forming organs, Congenital malformations and chomosomal abnormalities"
Other neonatal disorders,Other
Protein-energy malnutrition,"""Endocrine, nutritional, and metabolic diseases"""
Peptic ulcer disease,Diseases of the digestive system
Gastritis and duodenitis,Diseases of the digestive system
Appendicitis,Diseases of the digestive system
Paralytic ileus and intestinal obstruction,Diseases of the digestive system
"Inguinal, femoral, and abdominal hernia",Diseases of the digestive system
Inflammatory bowel disease,Diseases of the digestive system
Vascular intestinal disorders,"Diseases of the digestive system, Diseases of the circulatory system"
Gallbladder and biliary diseases,Diseases of the digestive system
Pancreatitis,Diseases of the digestive system
Other digestive diseases,Diseases of the digestive system
Alzheimer's disease and other dementias,Mental and behavioural disorders
Parkinson's disease,Diseases of the nervous system
Idiopathic epilepsy,Diseases of the nervous system
Multiple sclerosis,Diseases of the nervous system
Motor neuron disease,Diseases of the nervous system
Other neurological disorders,Diseases of the nervous system
Adverse effects of medical treatment,"""Injury, poisoning and certain other consequences of external causes"""
Animal contact,Other
Foreign body,Other
Self-harm,"""Injury, poisoning and certain other consequences of external causes"""
Interpersonal violence,"""Injury, poisoning and certain other consequences of external causes"""
Exposure to forces of nature,"""Injury, poisoning and certain other consequences of external causes"""
Maternal deaths aggravated by HIV/AIDS,"Infectious and parasitic diseases, Pregnancy and childbirth"
Environmental heat and cold exposure,"""Injury, poisoning and certain other consequences of external causes"""
Ebola,Infectious and parasitic diseases
Tuberculosis,"Infectious and parasitic diseases, Diseases of the respiratory system"
HIV/AIDS,Infectious and parasitic diseases
Diarrheal diseases,Diseases of the digestive system
Other intestinal infectious diseases,"Infectious and parasitic diseases, Diseases of the digestive system"
Lower respiratory infections,"Infectious and parasitic diseases, Diseases of the respiratory system"
Upper respiratory infections,"Infectious and parasitic diseases, Diseases of the respiratory system"
Otitis media,"Infectious and parasitic diseases, Diseases of the ear and mastoid process"
Meningitis,"Infectious and parasitic diseases, Diseases of the nervous system"
Encephalitis,"Infectious and parasitic diseases, Diseases of the nervous system"
Diphtheria,"Infectious and parasitic diseases, Diseases of the respiratory system"
Pertussis,"Infectious and parasitic diseases, Diseases of the respiratory system"
Tetanus,"Infectious and parasitic diseases, Diseases of the nervous system"
Measles,"Infectious and parasitic diseases, Diseases of the skin"
Varicella and herpes zoster,"Infectious and parasitic diseases, Diseases of the skin, Diseases of the nervous system"
Ischemic heart disease,Diseases of the circulatory system
Stroke,"Diseases of the circulatory system, Diseases of the nervous system"
Hypertensive heart disease,Diseases of the circulatory system
Cardiomyopathy and myocarditis,"Infectious and parasitic diseases, Diseases of the circulatory system"
Atrial fibrillation and flutter,Diseases of the circulatory system
Aortic aneurysm,Diseases of the circulatory system
Lower extremity peripheral arterial disease,Diseases of the circulatory system
Endocarditis,Diseases of the circulatory system
Non-rheumatic valvular heart disease,Diseases of the circulatory system
Other cardiovascular and circulatory diseases,Diseases of the circulatory system
Chronic obstructive pulmonary disease,Diseases of the respiratory system
Pneumoconiosis,Diseases of the respiratory system
Asthma,Diseases of the respiratory system
Interstitial lung disease and pulmonary sarcoidosis,Diseases of the respiratory system
Other chronic respiratory diseases,Diseases of the respiratory system
Cirrhosis and other chronic liver diseases,Diseases of the digestive system
Decubitus ulcer,Diseases of the skin
Other skin and subcutaneous diseases,Diseases of the skin
Sudden infant death syndrome,Other
Road injuries,"""Injury, poisoning and certain other consequences of external causes"""
Other transport injuries,"""Injury, poisoning and certain other consequences of external causes"""
Falls,"""Injury, poisoning and certain other consequences of external causes"""
Drowning,"""Injury, poisoning and certain other consequences of external causes"""
"Fire, heat, and hot substances","""Injury, poisoning and certain other consequences of external causes"""
Poisonings,"""Injury, poisoning and certain other consequences of external causes"""
Exposure to mechanical forces,"""Injury, poisoning and certain other consequences of external causes"""
Eye cancer,"Neoplasms, Diseases of the eye and adnexa"
Soft tissue and other extraosseous sarcomas,"Diseases of the musculoskeletal system and connective tissue, Neoplasms"
Malignant neoplasm of bone and articular cartilage,"Neoplasms, Diseases of the musculoskeletal system and connective tissue"
Neuroblastoma and other peripheral nervous cell tumors,"Neoplasms, Diseases of the nervous system"
COVID-19,"Infectious and parasitic diseases, Diseases of the respiratory system"
Other unintentional injuries,"""Injury, poisoning and certain other consequences of external causes"""
Bipolar disorder,Mental and behavioural disorders
Anxiety disorders,Mental and behavioural disorders
Autism spectrum disorders,Mental and behavioural disorders
Attention-deficit/hyperactivity disorder,Mental and behavioural disorders
Conduct disorder,Mental and behavioural disorders
Idiopathic developmental intellectual disability,Mental and behavioural disorders
Lymphatic filariasis,"Other, Diseases of the circulatory system"
Onchocerciasis,"Infectious and parasitic diseases, Diseases of the skin"
Trachoma,"Infectious and parasitic diseases, Diseases of the eye and adnexa"
Other mental disorders,Mental and behavioural disorders
Benign prostatic hyperplasia,"Neoplasms, Diseases of the genitourinary system"
Blindness and vision loss,Diseases of the eye and adnexa
Food-borne trematodiases,Infectious and parasitic diseases
Male infertility,Pregnancy and childbirth
Polycystic ovarian syndrome,Diseases of the genitourinary system
Female infertility,Pregnancy and childbirth
Premenstrual syndrome,Diseases of the genitourinary system
Osteoarthritis,Diseases of the musculoskeletal system and connective tissue
Low back pain,Diseases of the musculoskeletal system and connective tissue
Neck pain,Diseases of the musculoskeletal system and connective tissue
Gout,Diseases of the musculoskeletal system and connective tissue
Iodine deficiency,"""Endocrine, nutritional, and metabolic diseases"""
Vitamin A deficiency,"""Endocrine, nutritional, and metabolic diseases"""
Dietary iron deficiency,"""Endocrine, nutritional, and metabolic diseases"""
Gastroesophageal reflux disease,Diseases of the digestive system
Turner syndrome,Congenital malformations and chomosomal abnormalities
Klinefelter syndrome,Congenital malformations and chomosomal abnormalities
Dermatitis,Diseases of the skin
Psoriasis,Diseases of the skin
Scabies,"Diseases of the skin, Infectious and parasitic diseases"
Fungal skin diseases,"Infectious and parasitic diseases, Diseases of the skin"
Viral skin diseases,"Infectious and parasitic diseases, Diseases of the skin"
Trichomoniasis,"Infectious and parasitic diseases, Diseases of the genitourinary system"
Genital herpes,"Infectious and parasitic diseases, Diseases of the genitourinary system"
Leprosy,Infectious and parasitic diseases
Guinea worm disease,Infectious and parasitic diseases
Migraine,"Diseases of the blood and blood-forming organs, Diseases of the nervous system"
Tension-type headache,Other
Schizophrenia,Mental and behavioural disorders
Depressive disorders,Mental and behavioural disorders
Acne vulgaris,Diseases of the skin
Alopecia areata,Diseases of the skin
Pruritus,Diseases of the skin
Urticaria,Diseases of the skin
Age-related and other hearing loss,Diseases of the ear and mastoid process
Other sense organ diseases,"Diseases of the eye and adnexa, Diseases of the ear and mastoid process"
Oral disorders,Diseases of the digestive system