File Name,Origin,Marketing_authorisation_number,Drug,Non_proprietary_name,Drug_class,Pharmaceutical_form,Administration_route,Decision,Current_status,Decision_date,Orphan_drug_status,Indication_requested,Indication_approved,Disease_class(es),Application_date,Nonclinical_pharmacology_species,Nonclinical_pharmacology_strain,Nonclinical_pharmacology_model,Nonclinical_pharmacokinetics_species,Nonclinical_pharmacokinetics_strain,Nonclinical_pharmacokinetics_model
SwissPAR_Epidyolex_IE-1.pdf,Swissmedic,67590,Epidyolex,cannabidiol,Other,oral solution,oral,approved,authorised,30.08.2022,no,adjunctive therapy of seizures associated with tuberous sclerosis complex (TSC) for patients 1 year of age and older,adjunctive therapy of tuberous sclerosis complex (TSC) in patients 2 years of age and older,neurological disorders,02.09.2021,rat,NA,NA,rat,NA,NA
SwissPAR_Exkivity.pdf,Swissmedic,68147,Exkivity,mobocertinib,Small molecule,hard capsules,oral,temporary authorisation,authorised (under additional monitoring),01.06.2022,yes,"treatment of adult patients with epidermal growth factor receptor (EGFR) exon 20 insertion mutation-positive locally advanced or metastatic non-small cell lung cancer (NSCLC), who have received prior platinum-based chemotherapy","treatment of adult patients with epidermal growth factor receptor (EGFR) exon 20 insertion mutation-positive unresectable or metastatic non-small cell lung cancer (NSCLC), whose disease has progressed on or after platinum-containing chemotherapy",cancer,31.08.2021,mouse,NA,NA,mouse,NA,NA
SwissPAR_Jynneos_final.pdf,Swissmedic,69173,JYNNEOS,"modified vaccinia Ankara virus, live attenuated",Vaccine,suspension for injection,subcutaneous,approved,authorised,01.03.2024,no,"Active immunisation against disease caused by smallpox, monkeypox, and vaccinia virus in adults","Active immunisation against disease caused by smallpox, monkeypox, and vaccinia viruses in adults 18 years of age and older",Infectious diseases,23.12.2022,"mouse, non-human primate",NA,NA,"mouse, non-human primate",NA,NA
SwissPAR_Rinvoq_AS_final.pdf,Swissmedic,67257,Rinvoq,upadacitinib,Other,prolonged-release tablet,oral,approved,authorised,23.03.2021,no,treatment of adults with active ankylosing spondylitis who responded inadequately to conventional therapy,treatment of active ankylosing spondylitis in adult patients who have responded inadequately to non-steroidal anti-inflammatory drugs (NSAIDs),spondyloarthritis,17.06.2020,rat,NA,NA,rat,NA,NA
SwissPAR Rinvoq_morbus Crohn.pdf,Swissmedic,67257,Rinvoq,upadacitinib as upadacitinib hemihydrate,Other,prolonged-release tablets,oral use,approved,authorised,07.06.2024,no,treatment of adult patients with moderately to severely active Crohn's disease,"treatment of adult patients with moderately to severely active Crohn’s disease who have had an inadequate response, lost response, or were intolerant to at least 1 biologic agent",inflammatory bowel disease,01.11.2022,rat,NA,NA,rat,NA,NA
SwissPAR_Aspaveli.pdf,Swissmedic,68674,Aspaveli,pegcetacoplan,Other,solution for infusion,subcutaneous use,approved,authorised,23.03.2023,yes,treatment of adult patients with paroxysmal nocturnal haemoglobinuria (PNH) previously treated with standard therapy,"treatment of adult patients with paroxysmal nocturnal haemoglobinuria (PNH), who have an inadequate response to treatment with a C5 inhibitor",haematological disorders,06.01.2022,monkey,cynomolgus monkey,NA,monkey,cynomolgus monkey,NA
SwissPAR Cablivi Indikationserweiterung.pdf,Swissmedic,66792,Cablivi,caplacizumab,Biologics,Powder and solvent for solution for injection,"Subcutaneous use, intravenous use",approved,authorised,08.07.2021,yes,"Cablivi is used for the treatment of adults and adolescents of 12 years and older weighing at least 40 kg suffering from an episode of acquired thrombotic thrombocytopenic purpura (aTTP), in combination with plasmapheresis and immunosuppression.","Cablivi is used for the treatment of adults and adolescents of 12 years and older weighing at least 40 kg suffering from an episode of acquired thrombotic thrombocytopenic purpura (aTTP), in combination with plasmapheresis and immunosuppression.",acquired thrombotic thrombocytopenic purpura,27.05.2020,"guinea pig, macaque",NA,NA,NA,NA,NA
SwissPAR_Bimzelx_final.pdf,Swissmedic,68548,Bimzelx,bimekizumab,Biologics,solution for injection in a pre-filled syringe,subcutaneous,approved,authorised,27.10.2022,no,treatment of moderate to severe plaque psoriasis in adults who are candidates for systemic therapy or phototherapy,treatment of moderate to severe plaque psoriasis in adult patients who are candidates for systemic therapy,Psoriasis,16.06.2021,"mouse, rat",NA,NA,"mouse, rat",NA,NA
SwissPAR_Rinvoq_IE.pdf,Swissmedic,67257,Rinvoq,upadacitinib as upadacitinib hemihydrate,Other,prolonged-release tablet,oral,approved,authorised,26.11.2021,no,treatment of moderate to severe atopic dermatitis in adults who are candidates for systemic therapy,treatment of moderate to severe atopic dermatitis in adults when conventional topical drug therapy does not provide adequate disease control or cannot be used,Atopic dermatitis,19.10.2020,"rat, dog",NA,NA,"rat, dog",NA,NA
SwissPAR_Defitelio-1.pdf,Swissmedic,67667,Defitelio,defibrotide,Other,concentrate for solution for infusion,intravenous use,approved,authorised,21.09.2020,yes,severe hepatic veno-occlusive disease (VOD) also known as sinusoidal obstruction syndrome (SOS) in haematopoietic stem-cell transplantation (HSCT),"severe hepatic veno-occlusive disease (VOD) also known as sinusoidal obstruction syndrome (SOS) in haematopoietic stem-cell transplantation (HSCT) therapy in adults and in adolescents, children and infants of 1 month of age and above",Hepatic veno-occlusive disease (VOD),02.08.2019,"rat, dog",NA,NA,human,NA,NA
SwissPAR_Nexviadyme.pdf,Swissmedic,67871,Nexviadyme,avalglucosidase alfa,Biologics,powder for concentrate for solution for infusion,intravenous use,approved,authorised,17.11.2021,yes,long-term enzyme replacement therapy for the treatment of patients with late-onset Pompe’s disease (LOPD),long-term enzyme replacement therapy for the treatment of patients with late-onset Pompe's disease (LOPD),metabolic disease,21.10.2020,mouse,GAAKO mouse,Pompe disease mouse,"mouse, monkey, rabbit","CD-1 mouse, cynomolgus monkey",NA
SwissPAR_Adtralza_final.pdf,Swissmedic,68229,ADTRALZA,tralokinumab,Biologics,solution for injection in pre-filled syringe,subcutaneous,approved,authorised,24.02.2022,no,treatment of moderate-to-severe atopic dermatitis in adult patients who are candidates for systemic therapy,treatment of adult patients with moderate-to-severe atopic dermatitis (AD) when therapy with topical prescription medications does not provide adequate disease control or is not recommended,Atopic dermatitis,22.01.2021,"mouse, cynomolgus monkey",NS0 mouse,NA,cynomolgus monkey,NA,NA
SwissPAR_Rinvoq_final.pdf,Swissmedic,67257,Rinvoq,upadacitinib,Other,prolonged-release tablet,oral,approved,authorised,20.01.2020,no,treatment of adults with moderately to severely active rheumatoid arthritis,"treatment of adults with moderately to severely active rheumatoid arthritis, who had an inadequate response or are intolerant to a treatment with one or more conventional synthetic disease-modifying anti-rheumatic drugs (csDMARD)",Rheumatoid Arthritis,11.01.2019,"mouse, rat, dog","CByB6F1 mouse, Sprague Dawley rat, Beagle dog",NA,"mouse, rat, dog","CByB6F1 mouse, Sprague Dawley rat, Beagle dog",NA
SwissPAR Vabysmo G102701735.pdf,Swissmedic,68395,Vabysmo,faricimab,Biologics,solution for injection,intravitreal,approved,authorised,11.07.2024,no,Treatment of macular oedema due to retinal vein occlusion (branch retinal vein occlusion (BRVO) and central retinal vein occlusion (CRVO)).,Treatment of macular oedema secondary to retinal vein occlusion (branch retinal vein occlusion (BRVO) and central retinal vein occlusion (CRVO)).,Ophthalmology,24.08.2023,monkey,cynomolgus monkey,NA,monkey,cynomolgus monkey,NA
SwissPAR_Pombiliti.pdf,Swissmedic,67804,Pombiliti,cipaglucosidase alfa,Biologics,powder for concentrate for solution for infusion,parenteral,approved,authorised,04.07.2024,yes,treatment of adults with late-onset Pompe disease (acid α-glucosidase [GAA] deficiency),treatment of adults with late-onset Pompe disease (acid α-glucosidase [GAA] deficiency),metabolic disorders,12.06.2023,hamster,CHO hamster,NA,NA,NA,NA
SwissPAR_Elucirem-1.pdf,Swissmedic,68791,Elucirem,gadopiclenol,Other,solution for injection,intravenous use,approved,authorised,21.12.2023,no,Magnetic resonance imaging (MRI) contrast media for central nervous system (CNS) diagnostics and other body regions.,"In adults, ELUCIREM is a gadolinium-based contrast agent indicated in adults for use with magnetic resonance imaging (MRI) to detect and visualise lesions with abnormal vascularity in the CNS area and in other areas of the body.","CNS diagnostics, imaging",16.05.2022,"mouse, rat",Wistar rat,NA,"rat, dog",NA,NA
SwissPAR_Epidyolex_final_zur Publikation.pdf,Swissmedic,67590,Epidyolex,cannabidiol,Other,solution,oral,approved,authorised,10.02.2021,yes,adjunctive therapy of seizures associated with Lennox-Gastaut syndrome or Dravet syndrome in patients 2 years of age and older,adjunctive therapy of seizures associated with Lennox-Gastaut syndrome (LGS) or Dravet syndrome (DS) in patients 2 years of age and older,epileptic syndromes,11.06.2019,rat,NA,NA,rat,NA,NA
SwissPAR_Spravato.pdf,Swissmedic,67103,Spravato,esketamine as esketamine hydrochloride,Other,"Nasal spray, solution",nasal,approved,authorised,25.02.2020,no,treatment-resistant depression,treatment-resistant episodes of major depression in adults who have not responded to at least two different treatments with antidepressants in the current moderate to severe depressive episode,Mental health disorders,03.01.2019,"mouse, rat, dog",NA,NA,"mouse, rat, dog",NA,NA
SwissPAR Trodelvy HR_HER2- Brustkrebs.pdf,Swissmedic,68179,Trodelvy,sacituzumab govitecan,Other,powder for concentrate for infusion,intravenous,approved,authorised,18.08.2023,no,"treatment of adult patients with unresectable locally advanced or metastatic hormone receptor (HR)-positive, HER2-negative breast cancer",HR+/HER2- breast cancer,breast cancer,31.01.2023,mouse,NA,NA,mouse,NA,NA
SwissPAR_Voydeya.pdf,Swissmedic,69301,Voydeya,danicopan,Other,film-coated tablets,oral,approved,authorised,30.04.2024,yes,treatment of signs or symptoms of extravascular haemolysis (EVH) in adult patients with paroxysmal nocturnal haemoglobinuria (PNH),treatment of clinically relevant extravascular haemolysis (EVH) after at least 6 months of monotherapy with a C5 inhibitor in adult patients with paroxysmal nocturnal haemoglobinuria (PNH),haematological disease,17.05.2023,"mouse, rat, rabbit, dog",NA,NA,"mouse, rat, rabbit, dog",NA,NA
