Administration_route,Application_date,Application_year,Current_status,Dataset,Decision,Decision_date,Decision_year,Disease_class(es),Document_name,Drug_class,Drug_name,Indication_approved,Indication_approved_extracted,Indication_extended,Indication_requested,Indication_requested_extracted,Marketing_authorisation_holder,Marketing_authorisation_holder_extracted,Marketing_authorisation_number,Non_proprietary_name,Nonclinical_abridged,Orphan_drug_status,Pharmaceutical_form,Procedure_number,Referral_body,Agency
intravenous,28.04.2006,2006.0,authorised,japan,approved,30.01.2008,2008,diseases of the musculoskeletal system and connective tissue; neoplasms,000153709.pdf,biologics,actemra,rheumatoid arthritis; polyarticular-course juvenile idiopathic arthritis; systemic juvenile idiopathic arthritis; castleman's disease,"<rheumatoid arthritis>; <arthritis, juvenile>; <castleman disease>",yes,rheumatoid arthritis; polyarticular-course juvenile idiopathic arthritis; systemic juvenile idiopathic arthritis,"<rheumatoid arthritis>; <arthritis, juvenile>","chugai pharmaceutical co., ltd.",chugai,,tocilizumab,no,no,concentrate,,na,PMDA
subcutaneous,25.08.2016,2016.0,authorised,japan,approved,10.04.2017,2017,diseases of the musculoskeletal system and connective tissue,000224729.pdf,biologics,actemra,treatment of rheumatoid arthritis with an inadequate response to existing therapies (including the inhibition of progression of structural joint damage),<rheumatoid arthritis>,yes,treatment of rheumatoid arthritis with an inadequate response to existing therapies (including the inhibition of progression of structural joint damage),<rheumatoid arthritis>,"chugai pharmaceutical co., ltd.",chugai,,tocilizumab,yes,no,injection,,,PMDA
subcutaneous,30.11.2016,2016.0,authorised,japan,approved,27.07.2017,2017,diseases of the musculoskeletal system and connective tissue; diseases of the circulatory system,000224730.pdf,biologics,actemra,treatment of rheumatoid arthritis (including the inhibition of progression of structural joint damage); takayasu’s arteritis or giant cell arteritis,<rheumatoid arthritis>; <takayasu arteritis>; <giant cell arteritis>,yes,treatment of rheumatoid arthritis with an inadequate response to existing therapies; treatment of large vessel vasculitis (takayasu’s arteritis or giant cell arteritis),"<rheumatoid arthritis>; <vasculitis, large-cell>","chugai pharmaceutical co., ltd.",chugai,,tocilizumab,yes,yes,injection,,,PMDA
intravenous,24.05.2018,2018.0,authorised,japan,approved,26.03.2019,2019,diseases of the musculoskeletal system and connective tissue,000235285.pdf,biologics,actemra,treatment of adult still’s disease that have not adequately responded to existing therapies,"<still's disease, adult-onset>",yes,adult still’s disease that have not adequately responded to existing therapies,"<still's disease, adult-onset>","chugai pharmaceutical co., ltd.",chugai,,tocilizumab,yes,no,solution,,,PMDA
intravenous,13.12.2021,2021.0,authorised,japan,approved,07.01.2022,2022,infectious and parasitic diseases; diseases of the respiratory system,000246328.pdf,biologics,actemra,pneumonia caused by sars-cov-2 infection (covid-19) (limited to patients requiring supplemental oxygen),<pneumonia>,yes,pneumonia caused by sars-cov-2 infection (covid-19) (limited to patients requiring supplemental oxygen),<pneumonia>; <covid-19>,"chugai pharmaceutical co., ltd.",chugai,,tocilizumab,yes,no,concentrate,,,PMDA
intravenous,,,authorised,australia,approved,31.10.2011,2011,diseases of the musculoskeletal system and connective tissue,auspar-actemra-111215.pdf,biologics,actemra,treatment of active systemic juvenile idiopathic arthritis in patients 2 years of age and older.,<systemic juvenile idiopathic arthritis>,yes,treatment of active systemic juvenile idiopathic arthritis in patients 2 years of age and older.,<systemic juvenile idiopathic arthritis>,roche products pty ltd,roche,"149402, 149403, 149404",tocilizumab,yes,no,solution,pm-2010-03070-3-3,,TGA
intravenous,,,authorised,australia,approved,13.01.2011,2011,diseases of the musculoskeletal system and connective tissue,auspar-actemra.pdf,biologics,actemra,for the treatment of moderate to severe active rheumatoid arthritis (ra) in adult patients,<rheumatoid arthritis>,yes,for the treatment of moderate to severe active rheumatoid arthritis (ra) in adult patients,<rheumatoid arthritis>,roche products pty ltd,roche,"149402, 149403, 149404",tocilizumab,yes,no,solution,pm-2009-03295-3-3,,TGA
intravenous,,,authorised,australia,approved,04.10.2013,2013,diseases of the musculoskeletal system and connective tissue,auspar-tocilizumab-140206.pdf,biologics,actemra,treatment of moderate to severe active polyarticular juvenile idiopathic arthritis in patients 2 years of age and older who have had an inadequate response to or intolerance to methotrexate.,"<arthritis, juvenile>",yes,treatment of moderate to severe active polyarticular juvenile idiopathic arthritis in patients 2 years of age and older who have had an inadequate response to or intolerance to methotrexate.,"<arthritis, juvenile>",roche products pty ltd,roche,"149402, 149403, 149404",tocilizumab,yes,no,concentrate,pm-2012-01905-3-3,,TGA
intravenous,,,authorised,australia,approved,14.10.2014,2014,diseases of the musculoskeletal system and connective tissue,auspar-tocilizumab-150112.pdf,biologics,actemra,treatment of moderate to severe active rheumatoid arthritis in adult patients with poor prognostic factors in combination with mtx in those not previously treated with mtx.,<rheumatoid arthritis>,yes,treatment of moderate to severe active rheumatoid arthritis in adult patients in combination with methotrexate in those not previously treated with mtx.,<rheumatoid arthritis>,roche products pty ltd,roche,"149402, 149403, 149404",tocilizumab,yes,no,injection,pm-2013-02398-1-3,,TGA
subcutaneous,03.01.2017,2017.0,authorised,australia,approved,14.11.2017,2017,diseases of the circulatory system,auspar-tocilizumab-180613.pdf,biologics,actemra,giant cell arteritis (sc formulation only),<giant cell arteritis>,yes,treatment of giant cell arteritis (gca) in adult patients,<giant cell arteritis>,roche products pty limited,roche,234034,tocilizumab,yes,no,solution,pm-2016-03548-1-3,,TGA
subcutaneous,,,authorised,australia,approved,19.01.2016,2016,diseases of the musculoskeletal system and connective tissue,auspar-tocilizumab-rch-160929.pdf,biologics,actemra,treatment of moderate to severe active rheumatoid arthritis in adult patients,<rheumatoid arthritis>,no,treatment of moderate to severe active rheumatoid arthritis in adult patients,<rheumatoid arthritis>,roche products pty ltd,roche,234034,tocilizumab,no,no,solution,pm-2014-04309-1-3,na,TGA
subcutaneous,22.02.2019,2019.0,authorised,australia,approved,18.03.2020,2020,diseases of the musculoskeletal system and connective tissue,auspar-tocilizumab-rch-200818.pdf,biologics,actemra,treatment of active systemic juvenile idiopathic arthritis in patients 1 year of age and older.,<systemic juvenile idiopathic arthritis>,yes,treatment of active systemic juvenile idiopathic arthritis in patients 1 year of age and older.,<systemic juvenile idiopathic arthritis>,roche products pty limited,roche,"149402, 149403, 149404, 234034, 296808",tocilizumab,yes,no,solution,pm-2018-05341-1-3,,TGA
intravenous,07.10.2021,2021.0,authorised (under additional monitoring),australia,approved,01.12.2021,2021,infectious and parasitic diseases; diseases of the respiratory system,auspar-tocilizumab-rch-220106.pdf,biologics,actemra,coronavirus disease 2019 (covid-19) in hospitalised adults who are receiving systemic corticosteroids and require supplemental oxygen or mechanical ventilation.,<coronavirus infections>,yes,coronavirus disease 2019 (covid-19) (iv formulation only) in hospitalised adults who are receiving systemic corticosteroids and require supplemental oxygen or mechanical ventilation.,<coronavirus disease 2019>,roche products pty ltd,roche,"149402, 149403, 149404",tocilizumab,yes,no,concentrate,pm-2021-04601-1-2,,TGA
intravenous,31.05.2011,2011.0,authorised,ema,conditional marketing authorisation,19.07.2012,2012,neoplasms; diseases of the blood and blood-forming organs,adcetris-epar-public-assessment-report_en.pdf,biologics,adcetris,treatment of adult patients with relapsed or refractory cd30+ hodgkin lymphoma (hl): following autologous stem cell transplant (asct) or following at least two prior therapies when asct or multi-agent chemotherapy is not a treatment option; treatment of adult patients with relapsed or refractory systemic anaplastic large cell lymphoma (salcl),<hodgkin lymphoma>; <anaplastic large-cell lymphoma>,no,treatment of patients with relapsed or refractory hodgkin lymphoma (hl) and for the treatment of patients with relapsed or refractory systemic anaplastic large cell lymphoma (salcl),<hodgkin disease>; <anaplastic large-cell lymphoma>,takeda global research and development centre (europe) ltd.,takeda,ema/702390/2012,brentuximab vedotin,no,yes,powder,emea/h/c/002455,na,EMA
intravenous,22.03.2013,2013.0,authorised,japan,approved,18.11.2013,2013,neoplasms; diseases of the blood and blood-forming organs,000229787.pdf,biologics,adcetris,"the following relapsed or refractory cd30-positive diseases: hodgkin’s lymphoma, anaplastic large-cell lymphoma","<hodgkin disease>; <lymphoma, large-cell, anaplastic>",no,"the following relapsed or refractory cd30-positive diseases: hodgkin’s lymphoma, anaplastic large-cell lymphoma","<hodgkin disease>; <lymphoma, large-cell, anaplastic>",takeda pharmaceutical company limited,takeda,,brentuximab vedotin,no,yes,powder,,na,PMDA
intravenous,31.01.2018,2018.0,authorised,japan,approved,28.06.2018,2018,neoplasms; diseases of the blood and blood-forming organs,000230125.pdf,biologics,adcetris,previously untreated cd30-positive hodgkin’s lymphoma,<hodgkin disease>,yes,previously untreated cd30-positive hodgkin’s lymphoma,<hodgkin disease>,takeda pharmaceutical company limited,takeda,,brentuximab vedotin,yes,yes,powder,,,PMDA
intravenous,29.03.2019,2019.0,authorised,japan,approved,05.11.2019,2019,neoplasms; diseases of the blood and blood-forming organs,000243154.pdf,biologics,adcetris,"the following cd30-positive diseases: hodgkin’s lymphoma, peripheral t-cell lymphoma",<hodgkin disease>; <peripheral t-cell lymphoma>,yes,"the following cd30-positive diseases: hodgkin’s lymphoma, peripheral t-cell lymphoma, relapsed or refractory anaplastic large-cell lymphoma",<hodgkin disease>; <peripheral t-cell lymphoma>; <anaplastic large-cell lymphoma>,takeda pharmaceutical company limited,takeda,,brentuximab vedotin,yes,yes,powder,,,PMDA
injection,31.01.2023,2023.0,authorised,australia,approved,08.01.2024,2024,neoplasms; diseases of the blood and blood-forming organs,auspar-adcetris-240507.pdf,biologics,adcetris,"treatment of patients with previously untreated cd30+ stage iii or stage iv hodgkin lymphoma (hl) in combination with doxorubicin, vinblastine, and dacarbazine (avd).",<hodgkin disease>,yes,"treatment of adult patients with previously untreated cd30+ advanced hodgkin lymphoma (hl) in combination with doxorubicin, vinblastine, and dacarbazine (avd).",<hodgkin lymphoma>,takeda pharmaceuticals australia pty ltd,takeda,203372,brentuximab vedotin,no,no,powder,pm-2022-04918-1-6,na,TGA
intravenous,,,authorised,australia,approved,19.12.2013,2013,neoplasms; diseases of the blood and blood-forming organs,auspar-brentuximab-140519.pdf,biologics,adcetris,treatment of adult patients with relapsed or refractory cd30+ hodgkin lymphoma (hl) and systemic anaplastic large cell lymphoma (salcl).,<hodgkin disease>; <anaplastic large cell lymphoma>,no,treatment of adult patients with relapsed or refractory hodgkin lymphoma (hl) and systemic anaplastic large cell lymphoma (salcl).,<hodgkin disease>; <anaplastic large cell lymphoma>,takeda pharmaceuticals australia pty ltd,takeda,203372,brentuximab vedotin,no,yes,powder,pm-2012-03441-1-4,na,TGA
intravenous,,,authorised,australia,approved,15.09.2016,2016,neoplasms; diseases of the blood and blood-forming organs,auspar-brentuximab-vedotin-170914.pdf,biologics,adcetris,treatment of adult patients with cd30+ hl at higher risk of relapse or progression following asct.,<precursor cell lymphoblastic leukemia-lymphoma>,yes,treatment of patients with cd30+ hodgkin lymphoma (hl) who are at risk of relapse or progression following autologous stem cell transplant (asct).,<hodgkin lymphoma>,takeda pharmaceuticals australia pty ltd,takeda,203372,brentuximab vedotin,yes,yes,powder,pm-2015-01529-1-4,,TGA
intravenous,,,authorised,ema,approved,12.01.2005,2005,neoplasms; diseases of the digestive system,avastin-epar-scientific-discussion_en.pdf,biologics,avastin,first-line treatment of patients with metastatic carcinoma of the colon or rectum,<colonic neoplasms>; <rectal neoplasms>,no,first-line treatment of patients with metastatic carcinoma of the colon or rectum,<colonic neoplasms>; <rectal neoplasms>,hoffmann-la roche ltd,hoffmann-la roche,ema/000582/2005,bevacizumab,no,no,concentrate,emea/h/c/000582,na,EMA
intravenous,17.09.2015,2015.0,authorised,japan,approved,25.04.2016,2016,neoplasms; diseases of the genitourinary system,000224436.pdf,biologics,avastin,advanced or recurrent cervical cancer,<cervical cancer>,yes,advanced or recurrent cervical cancer,<cervical cancer>,"chugai pharmaceutical co., ltd.",chugai,,bevacizumab,yes,yes,injection,,,PMDA
intravenous,21.04.2006,2006.0,authorised,japan,approved,22.02.2007,2007,neoplasms; diseases of the digestive system,000224437.pdf,biologics,avastin,unresectable advanced or recurrent colorectal cancer,<colorectal neoplasms>,no,unresectable advanced or recurrent colorectal cancer,<colorectal neoplasms>,"chugai pharmaceutical co., ltd.",chugai,,bevacizumab,no,no,injection,,na,PMDA
intravenous,,,authorised,australia,approved,10.02.2010,2010,neoplasms; diseases of the nervous system,auspar-bevacizumab-091214-01.pdf,biologics,avastin,"as a single agent, for the treatment of patients with grade iv glioma after relapse or disease progression after standard therapy, including chemotherapy",<glioma>,yes,relapsed high grade malignant glioma: avastin as a single agent or in combination with irinotecan is indicated for the treatment of patients with high grade relapsed malignant glioma.,<malignant glioma>,roche products pty ltd,roche,,bevacizumab,yes,yes,solution,pm-2009-00399-4-3,,TGA
intravenous,,,authorised,australia,approved,24.08.2012,2012,neoplasms,auspar-bevacizumab-130307.pdf,biologics,avastin,"treatment of patients with recurrent, platinum-sensitive, epithelial ovarian, fallopian tube, or primary peritoneal cancer who have not received prior bevacizumab or other vegf-targeted angiogenesis inhibitors.",<ovarian neoplasms>; <fallopian tube neoplasms>; <peritoneal neoplasms>,yes,"treatment of patients with recurrent, platinum-sensitive, epithelial ovarian, fallopian tube, or primary peritoneal cancer.",<ovarian neoplasms>; <fallopian tube neoplasms>; <peritoneal neoplasms>,roche products pty ltd,roche,"99755, 99757",bevacizumab,yes,no,injection,pm-2011-02308-3-4,,TGA
intravenous,,,authorised,australia,approved,19.11.2014,2014,neoplasms; diseases of the genitourinary system,auspar-bevacizumab-150311.pdf,biologics,avastin,"treatment of patients with recurrent, platinum-resistant epithelial ovarian, fallopian tube, or primary peritoneal cancer who received no more than two prior chemotherapy regimens.",<ovarian neoplasms>; <fallopian tube neoplasms>; <peritoneal neoplasms>,yes,"treatment of patients with recurrent, platinum-resistant epithelial ovarian, fallopian tube, or primary peritoneal cancer who received no more than two prior chemotherapy regimens.",<ovarian neoplasms>; <fallopian tube neoplasms>; <peritoneal neoplasms>,roche products pty ltd,roche,99755 and 99757,bevacizumab,yes,no,solution,pm-2013-03227-1-4,,TGA
intravenous,,,authorised,australia,approved,21.10.2013,2013,neoplasms; diseases of the digestive system,auspar-bevacizumab-injection-140331.pdf,biologics,avastin,treatment of patients with metastatic colorectal cancer in combination with fluoropyrimidine-based chemotherapy,<colorectal neoplasms>,no,second line treatment of metastatic colorectal cancer,<colorectal neoplasms>,roche products pty ltd,roche,99755 and 99757,bevacizumab,yes,no,solution,pm-2012-02716-3-4,,TGA
intravenous,,,authorised,australia,approved,16.07.2015,2015,neoplasms,auspar-bevacizumab-rch-170510.pdf,biologics,avastin,"in combination with paclitaxel and cisplatin is indicated for the treatment of persistent, recurrent or metastatic carcinoma of the cervix. in combination with paclitaxel and topotecan is an acceptable alternative where cisplatin is not tolerated or not indicated.",<carcinoma of the cervix>,yes,"treatment of persistent, recurrent or stage iv carcinoma of the cervix","<carcinoma, cervical>",roche products pty ltd,roche,99756 and 99757,bevacizumab,yes,yes,concentrate,pm-2014-01871-1-4,,TGA
subcutaneous,06.06.2008,2008.0,authorised,ema,approved,25.06.2009,2009,diseases of the musculoskeletal system and connective tissue,cimzia-epar-public-assessment-report_en.pdf,biologics,cimzia,"treatment of moderate to severe, active rheumatoid arthritis in adult patients when the response to disease-modifying antirheumatic drugs including methotrexate has been inadequate",<rheumatoid arthritis>,no,treatment of active rheumatoid arthritis,<rheumatoid arthritis>,ucb pharma sa,ucb,ema/664021/2009,certolizumab pegol,no,no,solution,emea/h/c/001037,na,EMA
subcutaneous,,,authorised,australia,approved,01.05.2014,2014,diseases of the musculoskeletal system and connective tissue,auspar-certolizumab-140815.pdf,biologics,cimzia,psoriatic arthritis; ankylosing spondylitis,"<psoriatic arthritis>; <spondylitis, ankylosing>",yes,psoriatic arthritis; ankylosing spondylitis,"<psoriatic arthritis>; <spondylitis, ankylosing>",ucb australia pty ltd,ucb,154726,certolizumab,yes,no,solution,pm-2013-00286-2-3,,TGA
subcutaneous,,,authorised,australia,approved,22.12.2009,2009,diseases of the musculoskeletal system and connective tissue,auspar-certolizumab-pegol-091222.pdf,biologics,cimzia,treatment of moderate to severe active rheumatoid arthritis in adult patients.,<rheumatoid arthritis>,no,treatment of adult patients with moderate to severely active rheumatoid arthritis who are either intolerant of methotrexate or failed to adequately respond to conventional disease-modifying antirheumatic drugs.,<rheumatoid arthritis>,ucb australia pty ltd,ucb,,certolizumab pegol,no,no,solution,pm-2008-2508-1-3,na,TGA
subcutaneous,,,authorised,australia,approved,07.11.2016,2016,diseases of the musculoskeletal system and connective tissue,auspar-certolizumab-pegol-170721.pdf,biologics,cimzia,"treatment of severe, active and progressive rheumatoid arthritis in adults not previously treated with methotrexate or other dmards.",<rheumatoid arthritis>,yes,"treatment of severe, active and progressive rheumatoid arthritis in adults not previously treated with methotrexate or other dmards.",<rheumatoid arthritis>,ucb australia pty ltd,ucb,154726,certolizumab pegol,yes,no,solution,pm-2015-01158-1-3,,TGA
subcutaneous,03.04.2018,2018.0,authorised,australia,approved,29.05.2019,2019,diseases of the skin,auspar-certolizumab-pegol-190731.pdf,biologics,cimzia,treatment of adult patients with moderate to severe chronic plaque psoriasis who are candidates for systemic therapy or phototherapy.,<psoriasis>,yes,treatment of adult patients with moderate to severe plaque psoriasis who are candidates for systemic therapy or phototherapy.,<psoriasis>,ucb australia pty. ltd.,ucb,"154728, 281317",certolizumab pegol,yes,no,solution,pm-2017-04943-1-1,,TGA
subcutaneous,,,authorised,australia,approved,29.01.2015,2015,diseases of the musculoskeletal system and connective tissue,auspar-certolizumab-pegol-rbe-151102.pdf,biologics,cimzia,"cimzia has been shown to reduce the rate of progression of joint damage as measured by x-ray, when given in combination with mtx.",not reported,yes,"cimzia has been shown to reduce the rate of progression of joint damage as measured by x-ray, when given in combination with mtx.",not reported,ucb australia pty ltd,ucb,154726,certolizumab pegol,yes,no,solution,pm-2013-04590-1-3,,TGA
subcutaneous,31.12.2018,2018.0,authorised,australia,approved,13.11.2019,2019,diseases of the musculoskeletal system and connective tissue,auspar-certolizumab-pegol-rbe-200213.pdf,biologics,cimzia,non-radiographic axial spondyloarthritis,<axial spondyloarthritis>,yes,the treatment of adult patients with active non-radiographic axial spondyloarthritis (nr-axspa) with objective signs of inflammation,"<arthritis, spondylarthritis>",ucb australia pty ltd,ucb,"154726, 281317",certolizumab pegol,yes,no,solution,pm-2018-04256-1-3,,TGA
intramuscular,30.11.2020,2020.0,authorised,ema,approved,21.12.2020,2020,infectious and parasitic diseases,comirnaty-epar-public-assessment-report_en.pdf,vaccine,comirnaty,"active immunisation to prevent covid-19 disease caused by sars-cov-2 virus, in individuals 16 years of age and older.",<covid-19>,no,"active immunisation to prevent covid-19 disease caused by sars-cov-2 virus, in individuals 16 years of age and older.",<covid-19>,biontech manufacturing gmbh,biontech,ema/707383/2020,covid-19 mrna vaccine (nucleoside-modified),no,no,concentrate,emea/h/c/005735/0000,na,EMA
intramuscular,18.12.2020,2020.0,authorised,japan,approved,12.02.2021,2021,infectious and parasitic diseases,000243206.pdf,vaccine,comirnaty,prevention of disease caused by sars-cov-2 infection (covid-19),<covid-19>,no,prevention of disease caused by sars-cov-2 infection (covid-19),<covid-19>,pfizer japan inc.,pfizer,,coronavirus modified uridine rna vaccine,no,no,injection,,na,PMDA
intramuscular,28.09.2021,2021.0,authorised,japan,approved,10.11.2021,2021,infectious and parasitic diseases,000245968.pdf,vaccine,comirnaty,prevention of disease caused by sars-cov-2 infection (covid-19),<covid-19>,yes,prevention of disease caused by sars-cov-2 infection (covid-19),<sars-cov-2>,pfizer japan inc.,pfizer,,coronavirus modified uridine rna vaccine,yes,no,injection,,,PMDA
intramuscular,10.11.2021,2021.0,authorised,japan,approved,20.01.2022,2022,infectious and parasitic diseases,000245994.pdf,vaccine,comirnaty,prevention of disease caused by sars-cov-2 infection (covid-19),<covid-19>,yes,prevention of disease caused by sars-cov-2 infection (covid-19),<covid-19>,pfizer japan inc.,pfizer,,coronavirus modified uridine rna vaccine,yes,no,injection,,,PMDA
intramuscular,08.08.2022,2022.0,authorised,japan,approved,07.09.2022,2022,infectious and parasitic diseases,000249126.pdf,vaccine,comirnaty,prevention of disease caused by sars-cov-2 infection (covid-19),<covid-19>,yes,prevention of disease caused by sars-cov-2 infection (covid-19),<sars-cov-2>,pfizer japan inc.,pfizer,,coronavirus modified uridine rna vaccine,yes,no,injection,,,PMDA
intramuscular,22.06.2022,2022.0,authorised,japan,approved,17.08.2022,2022,infectious and parasitic diseases,000249127.pdf,vaccine,comirnaty,prevention of disease caused by sars-cov-2 infection (covid-19),<sars-cov-2 infections>,no,prevention of disease caused by sars-cov-2 infection (covid-19),<covid-19>,pfizer japan inc.,pfizer,,coronavirus modified uridine rna vaccine,yes,no,injection,,,PMDA
intramuscular,14.07.2022,2022.0,authorised,japan,approved,05.10.2022,2022,infectious and parasitic diseases,000249724.pdf,vaccine,comirnaty,prevention of disease caused by sars-cov-2 infection (covid-19),<coronavirus infections>,yes,prevention of disease caused by sars-cov-2 infection (covid-19),<sars-cov-2>,pfizer japan inc.,pfizer,,coronavirus modified uridine rna vaccine,yes,no,injection,,,PMDA
intramuscular,13.10.2022,2022.0,authorised,japan,approved,07.02.2023,2023,infectious and parasitic diseases,000253046.pdf,vaccine,comirnaty,prevention of disease caused by sars-cov-2 infection (covid-19),<covid-19>,yes,prevention of disease caused by sars-cov-2 infection (covid-19),<sars-cov-2>,pfizer japan inc.,pfizer,,coronavirus modified uridine rna vaccine,yes,no,injection,,,PMDA
intramuscular,11.04.2023,2023.0,authorised,japan,approved,25.07.2023,2023,infectious and parasitic diseases,000266328.pdf,vaccine,comirnaty,prevention of disease caused by sars-cov-2 infection (covid-19),<sars-cov-2 infection>,yes,prevention of disease caused by sars-cov-2 infection (covid-19),<sars-cov-2>,pfizer japan inc.,pfizer,,coronavirus (sars-cov-2) rna vaccine,yes,no,injection,,,PMDA
intramuscular,16.10.2020,2020.0,authorised (under additional monitoring),swissmedic,approved,19.12.2020,2020,infectious and parasitic diseases,20210430_swisspar_comirnaty.pdf,vaccine,comirnaty,"comirnaty is indicated for active immunisation to prevent covid-19 caused by sars-cov-2 virus, in individuals 16 years of age and older.",<covid-19>,no,"active immunisation to prevent covid-19 disease caused by sars-cov-2 virus, in individuals 16 years of age and older.",<covid-19>,"pfizer ag, zurich",pfizer,68225,tozinameranum,yes,no,concentrate,,na,Swissmedic
intramuscular,02.11.2020,2020.0,authorised (under additional monitoring),australia,approved,24.01.2021,2021,infectious and parasitic diseases; diseases of the respiratory system,auspar-bnt162b2-mrna-210125.pdf,vaccine,comirnaty,"active immunisation to prevent coronavirus disease 2019 (covid-19) caused by sars-cov-2, in individuals 16 years of age and older.",<coronavirus infections>,no,active immunisation against covid-19 disease caused by sars-cov-2 virus in individuals aged 16 years and over.,<covid-19>,pfizer australia pty ltd,pfizer,346290,bnt162b2,yes,no,suspension,pm-2020-05461-1-2,,TGA
intramuscular,08.06.2021,2021.0,authorised,australia,approved,22.07.2021,2021,infectious and parasitic diseases; diseases of the respiratory system,auspar-bnt162b2-mrna-210722.pdf,vaccine,comirnaty,"active immunisation to prevent coronavirus disease 2019 (covid-19) caused by sars-cov-2, in individuals 12 years of age and older.",<coronavirus infections>,yes,"active immunisation to prevent coronavirus disease 2019 (covid-19) caused by sars-cov-2, in individuals 12 years of age and older.",<coronavirus disease 2019>,pfizer australia pty ltd,pfizer,346290,bnt162b2,yes,no,suspension,pm-2021-02187-1-2,,TGA
intramuscular,15.10.2021,2021.0,authorised (under additional monitoring),australia,approved,26.10.2021,2021,infectious and parasitic diseases,auspar-bnt162b2-mrna-211029.pdf,vaccine,comirnaty,"active immunisation to prevent coronavirus disease 2019 (covid-19) caused by sars-cov-2, in individuals 12 years of age and older.",<coronavirus infections>,yes,"active immunisation to prevent coronavirus disease 2019 (covid-19) caused by sars-cov-2, in individuals 12 years of age and older.",<coronavirus disease 2019>,pfizer australia pty ltd,pfizer,346290,bnt162b2,yes,no,suspension,pm-2021-04582-1-2,,TGA
intramuscular,06.07.2022,2022.0,authorised,australia,approved,20.09.2022,2022,infectious and parasitic diseases,auspar-comirnaty-20221010.pdf,vaccine,comirnaty,"active immunisation to prevent coronavirus disease 2019 (covid-19) caused by sars-cov-2, in individuals 5 years of age and older.",<coronavirus infections>,yes,"active immunisation to prevent coronavirus disease 2019 (covid-19) caused by sars-cov-2, in individuals 5 years of age and older.",<coronavirus disease 2019>,pfizer australia pty ltd,pfizer,377111,tozinameran,no,no,suspension,pm-2022-02476-1-2,na,TGA
intramuscular,09.01.2023,2023.0,authorised,australia,approved,23.08.2023,2023,infectious and parasitic diseases; diseases of the respiratory system,auspar-comirnaty-230911.pdf,vaccine,comirnaty,"active immunisation to prevent coronavirus disease 2019 (covid-19) caused by sars-cov-2, in individuals 12 years of age and older.",<coronavirus infections>,no,"active immunisation to prevent coronavirus disease 2019 (covid-19) caused by sars-cov-2, in individuals 12 years of age and older.",<coronavirus disease 2019>,pfizer australia pty ltd,pfizer,346290 and 377110,tozinameran,yes,no,suspension,,,TGA
intramuscular,15.10.2021,2021.0,authorised (under additional monitoring),australia,approved,27.01.2022,2022,infectious and parasitic diseases,auspar-tozinameran-220128.pdf,vaccine,comirnaty,"active immunisation to prevent coronavirus disease 2019 (covid-19) caused by sars-cov-2, in individuals 12 years of age and older.",<coronavirus infections>,yes,"active immunisation to prevent coronavirus disease 2019 (covid-19) caused by sars-cov-2, in individuals 12 years of age and older.",<coronavirus disease 2019>,pfizer australia pty ltd,pfizer,377110,tozinameran,yes,no,suspension,pm-2021-04582-1-2,,TGA
intramuscular,04.03.2022,2022.0,authorised (under additional monitoring),australia,approved,07.04.2022,2022,infectious and parasitic diseases,auspar-tozinameran-220408.pdf,vaccine,comirnaty,"active immunisation to prevent covid-19 caused by sars-cov-2, in individuals 12 years of age and older.",<covid-19>,yes,"active immunisation to prevent covid-19 caused by sars-cov-2, in individuals 12 years of age and older.",<covid-19>,pfizer australia pty ltd,pfizer,"346290, 377110",tozinameran,yes,no,suspension,pm-2022-00483-1-2,,TGA
intramuscular,01.11.2021,2021.0,authorised (under additional monitoring),australia,approved,03.12.2021,2021,infectious and parasitic diseases,auspar-tozinameran-mrna-covid-19-vaccine-211207.pdf,vaccine,comirnaty,"active immunisation to prevent coronavirus disease 2019 (covid-19) caused by sars-cov-2, in individuals 5 years of age and older.",<coronavirus infections>,yes,"active immunisation to prevent coronavirus disease 2019 (covid-19) caused by sars-cov-2, in individuals 5 years of age and older.",<coronavirus disease 2019>,pfizer australia pty ltd,pfizer,377110; 377111,tozinameran,yes,no,concentrate,pm-2021-05012-1-2,,TGA
intravenous,22.05.2020,2020.0,authorised,ema,approved,10.12.2020,2020,neoplasms,enhertu-epar-public-assessment-report_en.pdf,other,enhertu,enhertu as monotherapy is indicated for the treatment of adult patients with unresectable or metastatic her2 positive breast cancer who have received two or more prior anti her2 based regimens.,<breast neoplasms>,no,enhertu as monotherapy is indicated for the treatment of adult patients with unresectable or metastatic her2 positive breast cancer who have received two or more prior anti her2 based regimens.,<breast neoplasms>,daiichi sankyo europe gmbh,daiichi sankyo,ema/2446/2021,trastuzumab deruxtecan,no,no,powder,emea/h/c/005124/0000,na,EMA
intravenous,09.09.2019,2019.0,authorised,japan,approved,26.02.2020,2020,neoplasms,000238706.pdf,biologics,enhertu,unresectable or recurrent her2-positive breast cancer previously treated with chemotherapy,<breast neoplasms>,no,unresectable or recurrent her2-positive breast cancer previously treated with trastuzumab emtansine,<breast neoplasms>,"daiichi sankyo company, limited",daiichi sankyo,,trastuzumab deruxtecan,no,no,injection,,na,PMDA
intravenous,28.04.2020,2020.0,authorised,japan,approved,20.08.2020,2020,neoplasms; diseases of the digestive system,000238707.pdf,biologics,enhertu,unresectable advanced or recurrent her2-positive gastric cancer that has progressed after cancer chemotherapy,<gastric cancer>,yes,unresectable advanced or recurrent her2-positive gastric cancer that has progressed after cancer chemotherapy,<stomach neoplasms>,"daiichi sankyo company, limited",daiichi sankyo,,trastuzumab deruxtecan,yes,no,injection,,,PMDA
intravenous,14.08.2020,2020.0,authorised (under additional monitoring),swissmedic,approved,29.11.2021,2021,neoplasms,swisspar_enhertu_g102637736.pdf,biologics,enhertu,"enhertu as monotherapy is indicated for the treatment of adult patients with unresectable or metastatic her2-positive breast cancer who have received two or more prior anti-her2-based regimens, including trastuzumab, and have had disease progression on trastuzumab emtansine (t-dm1).",<breast neoplasms>,no,trastuzumab deruxtecan is indicated for the treatment of adult patients with unresectable or metastatic her2-positive breast cancer who have received two or more prior anti-her2-based regimens.,<breast neoplasms>,daiichi sankyo (schweiz) ag,daiichi sankyo,67967,trastuzumab deruxtecan,yes,no,powder,,fda,Swissmedic
intravenous,17.06.2022,2022.0,authorised (under additional monitoring),swissmedic,approved,06.03.2023,2023,neoplasms,swisspar_enhertu_g102673750.pdf,biologics,enhertu,her2-low breast cancer,<breast neoplasms>,yes,her2-low breast cancer,<breast neoplasms>,daiichi sankyo (schweiz) ag,daiichi sankyo,67967,trastuzumab deruxtecan,yes,no,powder,,,Swissmedic
intravenous,31.03.2023,2023.0,authorised (under additional monitoring),swissmedic,conditional marketing authorisation,08.05.2024,2024,neoplasms; diseases of the digestive system,swisspar_enhertu_ie-1.pdf,biologics,enhertu,enhertu as monotherapy is indicated for the treatment of adult patients with locally advanced or metastatic her2-positive gastric or gastroesophageal junction (gej) adenocarcinoma who have disease progression on or after a first-line regimen with trastuzumab and chemotherapy.,<gastric adenocarcinoma>; <gastroesophageal junction adenocarcinoma>,yes,enhertu as monotherapy is indicated for the treatment of adult patients with locally advanced or metastatic her2-positive gastric or gastroesophageal junction (gej) adenocarcinoma who have received a prior trastuzumab-based regimen.,<gastric adenocarcinoma>; <gastroesophageal junction adenocarcinoma>,daiichi sankyo (schweiz) ag,daiichi sankyo,67967,trastuzumab deruxtecan,yes,no,powder,,na,Swissmedic
intravenous,13.12.2021,2021.0,authorised,swissmedic,approved,30.06.2022,2022,neoplasms,swisspar_enhertu_ie_mbc_2l_g102661094.pdf,biologics,enhertu,"enhertu as monotherapy is indicated for the treatment of adult patients with unresectable or metastatic her2-positive breast cancer who have received one or more prior anti-her2-based regimens, including trastuzumab and a taxane, and had a progression either in the metastatic setting or within 6 months after finalisation of an adjuvant or neoadjuvant therapy.",<breast neoplasms>,yes,enhertu monotherapy is indicated for the treatment of adult patients with unresectable or metastatic her2-positive breast cancer who have received a prior anti-her2-based regimen.,<breast neoplasms>,daiichi sankyo (schweiz) ag,daiichi sankyo,67967,trastuzumab deruxtecan,yes,no,powder,,na,Swissmedic
intravenous,31.08.2022,2022.0,authorised,australia,approved,24.01.2023,2023,neoplasms,auspar-enhertu-240906.pdf,biologics,enhertu,treatment of adult patients with unresectable or metastatic her2-low breast cancer who have received prior chemotherapy in the metastatic setting or developed disease recurrence during or within 6 months of completing adjuvant chemotherapy.,<breast neoplasms>,yes,treatment of adult patients with unresectable or metastatic her2-low breast cancer who have received prior systemic therapy in the metastatic setting or developed disease recurrence during or within 6 months of completing adjuvant chemotherapy.,<breast neoplasms>,astrazeneca pty ltd,astrazeneca,343262,trastuzumab deruxtecan,no,no,powder,pm-2022-02867-1-4,na,TGA
intravenous,02.11.2020,2020.0,authorised,australia,approved,05.10.2021,2021,neoplasms,auspar-trastuzumab-deruxtecan-220627.pdf,biologics,enhertu,treatment of adult patients with unresectable or metastatic her2-positive breast cancer who have received two or more prior anti-her2-based regimens.,<breast neoplasms>,no,treatment of adult patients with unresectable or metastatic her2-positive breast cancer who have received two or more prior anti-her2-based regimens.,<breast neoplasms>,astrazeneca pty ltd,astrazeneca,343262,trastuzumab deruxtecan,no,no,powder,pm-2020-04659-1-4,na,TGA
intravenous,04.06.2014,2014.0,authorised,ema,approved,21.05.2015,2015,neoplasms; diseases of the skin,keytruda-epar-public-assessment-report_en.pdf,biologics,keytruda,treatment of advanced (unresectable or metastatic) melanoma in adults,<melanoma>,no,treatment of unresectable or metastatic melanoma in adults,<melanoma>,merck sharp & dohme limited,merck sharp & dohme,ema/444458/2015,pembrolizumab,no,no,powder,emea/h/c/003820/0000,na,EMA
intravenous,06.10.2016,2016.0,authorised,japan,approved,24.11.2016,2016,neoplasms; diseases of the respiratory system,000226880.pdf,biologics,keytruda,"unresectable, advanced or recurrent pd-l1 positive non-small cell lung cancer",<non-small-cell lung carcinoma>,yes,"unresectable, advanced or recurrent non-small cell lung cancer",<non-small cell lung carcinoma>,msd k.k.,msd,,pembrolizumab,yes,no,injection,,,PMDA
intravenous,22.12.2015,2015.0,authorised,japan,approved,09.09.2016,2016,neoplasms; diseases of the skin,000226881.pdf,biologics,keytruda,unresectable malignant melanoma,<melanoma>,no,unresectable or metastatic malignant melanoma,<melanoma>,msd k.k.,msd,,pembrolizumab,no,yes,injection,,na,PMDA
intravenous,30.03.2018,2018.0,authorised,japan,approved,29.11.2018,2018,neoplasms; diseases of the respiratory system; diseases of the blood and blood-forming organs; diseases of the genitourinary system,000231921.pdf,biologics,keytruda,"unresectable malignant melanoma; unresectable, advanced or recurrent pd-l1 positive non-small cell lung cancer; relapsed or refractory classical hodgkin lymphoma; radically unresectable urothelial carcinoma that has progressed after cancer chemotherapy; advanced or recurrent microsatellite instability-high (msi-high) solid tumors that have progressed after cancer chemotherapy",<melanoma>; <lung neoplasms>; <hodgkin disease>; <urothelial carcinoma>; <microsatellite instability>,yes,,not reported,msd k.k.,msd,,pembrolizumab,yes,yes,injection,,,PMDA
intravenous,08.11.2019,2019.0,authorised,japan,approved,07.07.2020,2020,neoplasms; diseases of the digestive system,000245967.pdf,biologics,keytruda,"radically unresectable, advanced or recurrent pd-l1 positive esophageal squamous cell carcinoma that has progressed after cancer chemotherapy",<esophageal squamous cell carcinoma>,yes,"unresectable, advanced or recurrent esophageal cancer",<esophageal neoplasms>,msd k.k.,msd,,pembrolizumab,yes,no,injection,,,PMDA
intravenous,31.10.2016,2016.0,authorised,australia,approved,01.09.2017,2017,neoplasms; diseases of the blood and blood-forming organs,auspar-keytruda-180530.pdf,biologics,keytruda,treatment of adult patients with relapsed or refractory classical hodgkin lymphoma (chl) following autologous stem cell transplant (asct) or following at least two prior therapies when asct or multi-agent chemotherapy is not a treatment option.,<hodgkin disease>,yes,"treatment of patients with refractory classical hodgkin lymphoma, or those who have relapsed after 3 or more prior lines of therapy.",<classical hodgkin lymphoma>,merck sharp & dohme australia pty ltd,merck sharp & dohme,"226597, 263932",pembrolizumab,yes,no,powder; solution,pm-2016-02736-1-4,,TGA
intravenous,24.11.2021,2021.0,authorised,australia,approved,02.09.2022,2022,neoplasms,auspar-keytruda-230508.pdf,biologics,keytruda,"treatment of patients with high-risk early-stage triple-negative breast cancer (tnbc) in combination with chemotherapy as neoadjuvant treatment, and then continued as monotherapy as adjuvant treatment after surgery.",<breast neoplasms>,yes,"treatment of patients with high-risk early-stage triple-negative breast cancer (tnbc) in combination with chemotherapy as neoadjuvant treatment, and then continued as monotherapy as adjuvant treatment after surgery.",<breast neoplasms>,merck sharp & dohme (australia) pty ltd,merck sharp & dohme,263932,pembrolizumab,yes,no,concentrate,pm-2021-04831-1-4,,TGA
intravenous,30.04.2020,2020.0,authorised (under additional monitoring),australia,approved,12.07.2021,2021,neoplasms; diseases of the genitourinary system,auspar-keytruda-230608.pdf,biologics,keytruda,"for the treatment of patients with bacillus calmette-guerin (bcg)-unresponsive, high-risk, non-muscle invasive bladder cancer (nmibc) with carcinoma-in-situ (cis) with or without papillary tumours who are ineligible for or have elected not to undergo cystectomy.",<bladder neoplasms>,yes,"for the treatment of patients with bacillus calmette-guerin (bcg)-unresponsive, high-risk, non-muscle invasive bladder cancer (nmibc) with carcinoma-in-situ (cis) with or without papillary tumours who are ineligible for or have elected not to undergo cystectomy.",<urinary bladder neoplasms>,merck sharp & dohme (australia) pty ltd,merck sharp & dohme,"226597, 263932",pembrolizumab,yes,no,powder; concentrate,pm-2020-01294-1-4,,TGA
intravenous,30.06.2020,2020.0,authorised,australia,approved,20.10.2021,2021,neoplasms; diseases of the blood and blood-forming organs,auspar-keytruda-230609.pdf,biologics,keytruda,monotherapy for the treatment of adult patients with relapsed or refractory classical hodgkin lymphoma (chl) following autologous stem cell transplant (asct) or following at least two prior therapies when asct or multi-agent chemotherapy is not a treatment option.,<classical hodgkin lymphoma>,yes,monotherapy for the treatment of adult and paediatric patients with relapsed or refractory classical hodgkin lymphoma (chl).,<hodgkin lymphoma>,merck sharp & dohme (australia) pty ltd,merck sharp & dohme,226597 and 263932,pembrolizumab,yes,no,powder; solution,pm-2020-02312-1-6,,TGA
intravenous,18.01.2021,2021.0,authorised,australia,approved,16.09.2021,2021,neoplasms; diseases of the digestive system,auspar-keytruda-230623.pdf,biologics,keytruda,first-line treatment of patients with locally advanced or metastatic carcinoma of the oesophagus or her2 negative gastroesophageal junction adenocarcinoma that is not amenable to surgical resection or definitive chemoradiation.,"<carcinoma, oesophageal>; <gastroesophageal junction adenocarcinoma>",yes,first-line treatment of patients with locally advanced unresectable or metastatic carcinoma of the oesophagus or gastroesophageal junction.,"<carcinoma, oesophageal>",merck sharp & dohme (australia) pty ltd,merck sharp & dohme,226597 and 263932,pembrolizumab,yes,yes,powder; solution,pm-2020-06395-1-4,,TGA
intravenous,01.11.2021,2021.0,authorised,australia,approved,30.09.2022,2022,neoplasms; diseases of the genitourinary system,auspar-keytruda-230830.pdf,biologics,keytruda,"adjuvant treatment of patients with rcc with a clear cell component who are at intermediate-high or high risk of recurrence following nephrectomy, or following nephrectomy and resection of metastatic lesions.",<renal cell carcinoma>,yes,"adjuvant treatment of patients with rcc at intermediate-high or high risk of recurrence following nephrectomy, or following nephrectomy and resection of metastatic lesions.",<renal cell carcinoma>,merck sharp & dohme (australia) pty ltd,merck sharp & dohme,263932,pembrolizumab,yes,no,solution,pm-2021-04316-1-4,,TGA
intravenous,28.02.2017,2017.0,authorised,australia,approved,09.01.2018,2018,neoplasms; diseases of the genitourinary system,auspar-pembrolizumab-181105.pdf,biologics,keytruda,treatment of patients with locally advanced or metastatic urothelial carcinoma who are not eligible for cisplatin-containing therapy and who have received platinum containing chemotherapy.,<urothelial carcinoma>,yes,treatment of patients with locally advanced or metastatic urothelial carcinoma who are not eligible for cisplatin-containing therapy and who have received platinum containing chemotherapy.,<urothelial carcinoma>,merck sharp & dohme (australia) pty limited,merck sharp & dohme,226597 and 263932,pembrolizumab,yes,no,powder; solution,pm-2016-04328-1-4,,TGA
intravenous,,,authorised,australia,approved,15.04.2015,2015,neoplasms,auspar-pembrolizumab-rch-161014.pdf,biologics,keytruda,treatment of unresectable or metastatic melanoma in adults,<melanoma>,no,treatment of unresectable or metastatic melanoma in adults,<melanoma>,merck sharp & dohme (australia) pty ltd,merck sharp & dohme,226597,pembrolizumab,no,yes,powder,pm-2014-01928-1-4,na,TGA
intravenous,01.04.2016,2016.0,authorised,australia,approved,03.03.2017,2017,neoplasms; diseases of the respiratory system,auspar-pembrolizumab-rch-180507.pdf,biologics,keytruda,"first-line treatment of patients with metastatic non-small cell lung carcinoma (nsclc) whose tumours express pd-l1 with a ≥ 50% tumour proportion score (tps) as determined by a validated test, with no egfr or alk genomic tumour aberrations.",<non-small cell lung carcinoma>,yes,treatment of patients with advanced non-small cell lung carcinoma (nsclc) whose tumours express pd-l1 and who have received platinum containing chemotherapy.,<non-small cell lung carcinoma>,merck sharp & dohme australia pty ltd,merck sharp & dohme,"226597, 263932",pembrolizumab,yes,no,powder; concentrate,pm-2015-04712-1-4 and pm-2016-02325-1-4,,TGA
intravenous,04.07.2019,2019.0,authorised (under additional monitoring),australia,approved,17.09.2019,2019,neoplasms; diseases of the genitourinary system,auspar-pembrolizumab-rch-200505.pdf,biologics,keytruda,"treatment of patients with advanced endometrial carcinoma that is not msi-h or dmmr, who have disease progression following prior systemic therapy and are not candidates for curative surgery or radiation.",<endometrial neoplasms>,yes,"treatment of patients with advanced endometrial carcinoma that is not msi-h or dmmr, who have disease progression following prior systemic therapy and are not candidates for curative surgery or radiation.",<endometrial neoplasms>,merck sharp & dohme (australia) pty limited,merck sharp & dohme,"226597, 263932",pembrolizumab,yes,no,powder; concentrate,pm-2019-02526-1-4,,TGA
intramuscular,16.11.2021,2021.0,authorised,ema,approved,04.01.2022,2022,infectious and parasitic diseases,nuvaxovid-epar-public-assessment-report_en.pdf,vaccine,nuvaxovid,nuvaxovid is indicated for active immunisation to prevent covid-19 caused by sars-cov-2 in individuals 18 years of age and older.,<covid-19>,no,nuvaxovid is indicated for active immunisation to prevent covid-19 caused by sars-cov-2 in individuals 18 years of age and older.,<covid-19>,"novavax cz, a.s.",novavax,ema/783213/2021,"covid-19 vaccine (recombinant, adjuvanted)",no,no,dispersion,emea/h/c/005808/0000,na,EMA
intramuscular,16.12.2021,2021.0,authorised,japan,approved,18.04.2022,2022,infectious and parasitic diseases,000248293.pdf,vaccine,nuvaxovid,prevention of disease caused by sars-cov-2 infection (covid-19),<coronavirus infections>,no,prevention of disease caused by sars-cov-2 infection (covid-19),<coronavirus infections>,takeda pharmaceutical company limited,takeda,,recombinant coronavirus (sars-cov-2) vaccine,yes,no,injection,,,PMDA
intramuscular,01.07.2022,2022.0,authorised (under additional monitoring),swissmedic,conditional marketing authorisation,02.09.2022,2022,infectious and parasitic diseases,assessment_report_swisspar_nuvaxovid_g102682544.pdf,vaccine,nuvaxovid,nuvaxovid is indicated for active immunisation to prevent covid-19 caused by sars-cov-2 in individuals 12 years of age and older.,<covid-19>,yes,nuvaxovid is indicated for active immunisation to prevent covid-19 caused by sars-cov-2 in individuals 12 years of age and older.,<covid-19>,future health pharma gmbh,future health,68473,sars cov-2 recombinant spike protein (rs nvx-cov2373),yes,no,dispersion,,na,Swissmedic
intramuscular,14.02.2022,2022.0,authorised (under additional monitoring),swissmedic,conditional marketing authorisation,12.04.2022,2022,infectious and parasitic diseases,swisspar_nuvaxovid_final.pdf,vaccine,nuvaxovid,active immunisation to prevent covid-19 caused by sars-cov-2 in individuals 18 years of age and older.,<covid-19>,no,active immunisation to prevent covid-19 caused by sars-cov-2 in individuals 18 years of age and older.,<covid-19>,future health pharma gmbh,future health,68473,sars cov-2 recombinant spike protein (rs nvx-cov2373),yes,no,dispersion,,ema,Swissmedic
intramuscular,04.05.2023,2023.0,authorised (under additional monitoring),australia,approved,26.10.2023,2023,infectious and parasitic diseases,auspar-nuvaxovid-231106.pdf,vaccine,nuvaxovid,active immunisation to prevent coronavirus disease 2019 (covid-19) caused by sars-cov-2 in individuals 12 years of age and older.,<coronavirus infections>,no,active immunisation to prevent coronavirus disease 2019 (covid-19) caused by sars-cov-2 in individuals 12 years of age and older.,<coronavirus disease 2019>,biocelect pty ltd,biocelect,355139,sars-cov-2-rs,no,no,suspension,,na,TGA
intramuscular,03.04.2023,2023.0,authorised,australia,approved,31.01.2024,2024,infectious and parasitic diseases,auspar-nuvaxovid-240531.pdf,vaccine,nuvaxovid,active immunisation to prevent coronavirus disease 2019 (covid-19) caused by sars-cov-2 in individuals 12 years of age and older.,<coronavirus infections>,yes,active immunisation to prevent coronavirus disease 2019 (covid-19) caused by sars-cov-2 in individuals 12 years of age and older.,<coronavirus disease 2019>,biocelect pty ltd,biocelect,355139,sars-cov-2 rs,yes,no,suspension,pm-2023-00909-1-2,,TGA
intramuscular,,,authorised (under additional monitoring),australia,approved,20.01.2022,2022,infectious and parasitic diseases,auspar-nuvaxovid-heterologous-booster-220622-pi.pdf,vaccine,nuvaxovid,active immunisation to prevent coronavirus disease 2019 (covid-19) caused by sars-cov-2 in individuals 18 years of age and older.,<coronavirus infections>,no,active immunisation to prevent coronavirus disease 2019 (covid-19) caused by sars-cov-2 in individuals 18 years of age and older.,<coronavirus disease 2019>,biocelect pty ltd,biocelect,,sars-cov-2 rs,no,no,suspension,pm-2022-00638-1-2,na,TGA
intramuscular,03.03.2022,2022.0,authorised,australia,approved,09.06.2022,2022,infectious and parasitic diseases,auspar-nuvaxovid-homologous-booster-220614.pdf,vaccine,nuvaxovid,active immunisation to prevent coronavirus disease 2019 (covid-19) caused by sars-cov-2 in individuals 18 years of age and older.,<coronavirus infections>,yes,active immunisation to prevent coronavirus disease 2019 (covid-19) caused by sars-cov-2 in individuals 18 years of age and older.,<coronavirus disease 2019>,biocelect pty ltd,biocelect,351139,sars-cov-2 rs vaccine,no,no,suspension,pm-2022-00638-1-2,na,TGA
intramuscular,26.02.2021,2021.0,authorised (under additional monitoring),australia,approved,19.01.2022,2022,infectious and parasitic diseases; diseases of the respiratory system,auspar-sars-cov-2-rs-matrix-m-adjuvant.pdf,vaccine,nuvaxovid,active immunisation to prevent coronavirus disease 2019 (covid-19) caused by sars-cov-2 in individuals 18 years of age and older.,<coronavirus infections>,no,"active immunisation for the prevention of mild, moderate, and severe disease caused by sars-cov-2 in adults ≥ 18 years of age.",<sars-cov-2 infections>,biocelect pty ltd,biocelect,355139,sars-cov-2 recombinant spike protein,no,no,suspension,pm-2021-00623-1-2,na,TGA
intravenous,02.09.2014,2014.0,authorised,ema,approved,23.04.2015,2015,neoplasms; diseases of the skin,opdivo-epar-public-assessment-report_en.pdf,biologics,opdivo,treatment of advanced (unresectable or metastatic) melanoma in adults,<melanoma>,no,treatment of advanced (unresectable or metastatic) melanoma in adults,<melanoma>,bristol-myers squibb pharma eeig,bristol-myers squibb,ema/chmp/76688/2015,nivolumab,no,no,concentrate,emea/h/c/003985/0000,na,EMA
intravenous,24.12.2013,2013.0,authorised,japan,approved,26.06.2014,2014,neoplasms,000209430.pdf,biologics,opdivo,treatment of unresectable malignant melanoma,<melanoma>,no,malignant melanoma,<melanoma>,"ono pharmaceutical co., ltd.",ono,,nivolumab,no,yes,injection,,na,PMDA
intravenous,21.07.2015,2015.0,authorised,japan,approved,30.11.2015,2015,neoplasms; diseases of the respiratory system,000216478.pdf,biologics,opdivo,"treatment of unresectable malignant melanoma; treatment of unresectable, advanced or recurrent non-small cell lung cancer",<melanoma>; <lung neoplasms>,yes,"treatment of unresectable malignant melanoma; treatment of unresectable, advanced or recurrent non-small cell lung cancer",<melanoma>; <lung neoplasms>,"ono pharmaceutical co., ltd.",ono,,nivolumab,yes,no,injection,,,PMDA
intravenous,18.03.2016,2016.0,authorised,japan,approved,11.11.2016,2016,neoplasms; diseases of the blood and blood-forming organs,000223200.pdf,biologics,opdivo,treatment of relapsed or refractory classical hodgkin lymphoma,<classical hodgkin lymphoma>,yes,treatment of relapsed or refractory classical hodgkin lymphoma,<classical hodgkin lymphoma>,"ono pharmaceutical co., ltd.",ono,,nivolumab,yes,yes,injection,,,PMDA
intravenous,27.07.2016,2016.0,authorised,japan,approved,,2017,neoplasms,000223201.pdf,biologics,opdivo,treatment of recurrent or distant metastatic head and neck cancer,<head and neck neoplasms>,yes,treatment of recurrent or distant metastatic head and neck cancer,<head and neck neoplasms>,"ono pharmaceutical co., ltd.",ono,,nivolumab,yes,no,injection,,,PMDA
intravenous,11.12.2015,2015.0,authorised,japan,approved,05.08.2016,2016,neoplasms; diseases of the genitourinary system,000223202.pdf,biologics,opdivo,treatment of unresectable or metastatic renal cell carcinoma,<renal cell carcinoma>,yes,treatment of unresectable or metastatic renal cell carcinoma,<renal cell carcinoma>,"ono pharmaceutical co., ltd.",ono,,nivolumab,yes,no,injection,,,PMDA
intravenous,27.12.2016,2016.0,authorised,japan,approved,22.08.2017,2017,neoplasms; diseases of the digestive system,000223203.pdf,biologics,opdivo,treatment of unresectable advanced or recurrent gastric cancer that has progressed after cancer chemotherapy,<gastric cancer>,yes,treatment of unresectable advanced or recurrent gastric cancer,<gastric cancer>,"ono pharmaceutical co., ltd.",ono,,nivolumab,yes,no,injection,,,PMDA
intravenous,29.09.2017,2017.0,authorised,japan,approved,13.04.2018,2018,neoplasms; diseases of the respiratory system; diseases of the genitourinary system; diseases of the blood and blood-forming organs,000232984.pdf,biologics,opdivo,"treatment of unresectable malignant melanoma; treatment of unresectable, advanced or recurrent non-small cell lung cancer; treatment of unresectable or metastatic renal cell carcinoma; treatment of relapsed or refractory classical hodgkin lymphoma; treatment of recurrent or distant metastatic head and neck cancer; treatment of unresectable, advanced or recurrent gastric cancer that has progressed after cancer chemotherapy","<melanoma>; <lung neoplasms>; <carcinoma, renal cell>; <hodgkin disease>; <head and neck neoplasms>; <stomach neoplasms>",yes,treatment of unresectable malignant melanoma,<melanoma>,"ono pharmaceutical co., ltd.",ono,,nivolumab,yes,yes,injection,,,PMDA
intravenous,22.12.2017,2017.0,authorised,japan,approved,03.08.2018,2018,neoplasms; diseases of the respiratory system; diseases of the digestive system,000233403.pdf,biologics,opdivo,"treatment of unresectable malignant melanoma; treatment of unresectable, advanced or recurrent non-small cell lung cancer; treatment of unresectable or metastatic renal cell carcinoma; treatment of relapsed or refractory classical hodgkin lymphoma; treatment of recurrent or distant metastatic head and neck cancer; treatment of unresectable, advanced or recurrent gastric cancer that has progressed after cancer chemotherapy; treatment of unresectable, advanced or recurrent malignant pleural mesothelioma that has progressed after cancer chemotherapy","<melanoma>; <lung neoplasms>; <carcinoma, renal cell>; <hodgkin disease>; <head and neck neoplasms>; <stomach neoplasms>; <mesothelioma>",yes,,not reported,"ono pharmaceutical co., ltd.",ono,,nivolumab,yes,yes,infusion,,,PMDA
intravenous,28.03.2019,2019.0,authorised,japan,approved,09.01.2020,2020,neoplasms; diseases of the digestive system,000241165.pdf,biologics,opdivo,"treatment of unresectable, advanced or recurrent microsatellite instability-high (msi-high) colorectal cancer that has progressed after cancer chemotherapy; treatment of unresectable, advanced or recurrent esophageal cancer that has progressed after cancer chemotherapy",<colorectal neoplasms>; <esophageal neoplasms>,yes,"treatment of unresectable, advanced or recurrent microsatellite instability-high (msi-high) colorectal cancer that has progressed after cancer chemotherapy; treatment of unresectable, advanced or recurrent esophageal cancer that has progressed after cancer chemotherapy",<colorectal neoplasms>; <esophageal neoplasms>,"ono pharmaceutical co., ltd.",ono,,nivolumab,yes,no,injection,,,PMDA
intravenous,12.11.2019,2019.0,authorised,japan,approved,15.07.2020,2020,neoplasms; diseases of the digestive system,000244664.pdf,biologics,opdivo,"unresectable, advanced or recurrent microsatellite instability-high (msi-high) colorectal cancer that has progressed after cancer chemotherapy",<colorectal neoplasms>,yes,"unresectable, advanced or recurrent microsatellite instability-high (msi-high) colorectal cancer that has progressed after cancer chemotherapy",<colorectal neoplasms>,"ono pharmaceutical co., ltd.",ono,,nivolumab,yes,no,injection,,,PMDA
intravenous,10.12.2020,2020.0,authorised,japan,approved,,2021,neoplasms; diseases of the digestive system,000246571.pdf,biologics,opdivo,"treatment of unresectable, advanced or recurrent gastric cancer; adjuvant therapy of esophageal cancer",<gastric cancer>; <esophageal neoplasms>,yes,"treatment of unresectable, advanced or recurrent gastric cancer previously untreated with chemotherapy; adjuvant therapy of esophageal cancer",<gastric neoplasms>; <esophageal neoplasms>,"ono pharmaceutical co., ltd.",ono,,nivolumab,yes,no,injection,,,PMDA
intravenous,06.01.2015,2015.0,authorised,australia,approved,07.01.2016,2016,neoplasms; diseases of the respiratory system,auspar-nivolumab-160823.pdf,biologics,opdivo,treatment of patients with unresectable or metastatic melanoma,<melanoma>,no,treatment of patients with unresectable or metastatic melanoma or squamous cell non-small cell lung cancer (sq nsclc),"<melanoma>; <carcinoma, non-small-cell lung>",bristol-myers squibb australia pty ltd,bristol-myers squibb,231867; 231868,nivolumab,no,no,concentrate,pm-2014-03852-1-4,na,TGA
intravenous,,,authorised,australia,approved,16.11.2016,2016,neoplasms; diseases of the genitourinary system,auspar-nivolumab-171026.pdf,biologics,opdivo,treatment of patients with advanced clear cell renal cell carcinoma after prior anti-angiogenic therapy in adults,<renal cell carcinoma>,yes,treatment of patients with advanced renal cell carcinoma (rcc),<renal cell carcinoma>,bristol-myers squibb australia pty ltd,bristol-myers squibb,"231867, 231868",nivolumab,yes,no,concentrate,pm-2015-03579-1-4,,TGA
intravenous,,,authorised,australia,approved,26.05.2017,2017,neoplasms; diseases of the blood and blood-forming organs,auspar-nivolumab-171031.pdf,biologics,opdivo,treatment of adult patients with relapsed or refractory classical hodgkin lymphoma (chl) after autologous stem cell transplant and treatment with brentuximab vedotin.,<hodgkin disease>,yes,treatment of patients with relapsed or refractory classical hodgkin lymphoma (chl) following autologous stem cell transplant and treatment with brentuximab vedotin or following at least two prior therapies in patients who are not candidates for asct.,<hodgkin disease>,bristol-myers squibb australia pty ltd,bristol-myers squibb,"231867, 231868",nivolumab,yes,no,concentrate,pm-2016-0712-1-4,,TGA
intravenous,23.10.2017,2017.0,authorised,australia,approved,23.04.2018,2018,neoplasms; diseases of the skin,auspar-nivolumab-180806.pdf,biologics,opdivo,adjuvant treatment of patients with melanoma with involvement of lymph nodes or metastatic disease who have undergone complete resection.,<melanoma>,yes,"adjuvant treatment of patients with completely resected stage iii or stage iv melanoma, as monotherapy.",<melanoma>,bristol-myers squibb australia pty ltd,bristol-myers squibb,231867 and 231868,nivolumab,yes,no,concentrate,pm-2017-03752-1-4,,TGA
intravenous,31.01.2017,2017.0,authorised,australia,approved,06.02.2018,2018,neoplasms; diseases of the genitourinary system,auspar-nivolumab-191028.pdf,biologics,opdivo,treatment of patients with locally advanced unresectable or metastatic urothelial carcinoma after prior platinum-containing therapy.,<urothelial carcinoma>,yes,treatment of patients with locally advanced unresectable or metastatic urothelial carcinoma after prior platinum-containing therapy.,<urothelial carcinoma>,bristol-myers squibb australia pty ltd,bristol-myers squibb,aust r 231867; aust r 231868,nivolumab,yes,no,concentrate,pm-2016-03898-1-4,,TGA
intravenous,01.08.2017,2017.0,authorised,australia,approved,17.09.2018,2018,neoplasms; diseases of the digestive system,auspar-nivolumab-200124.pdf,biologics,opdivo,hepatocellular carcinoma,<hepatocellular carcinoma>,yes,"opdivo, as monotherapy is indicated for the treatment of adult patients with hepatocellular carcinoma after prior sorafenib therapy.",<hepatocellular carcinoma>,bristol-myers squibb australia pty. ltd.,bristol-myers squibb,"231867, 231868",nivolumab,yes,no,concentrate,pm-2017-02209-1-4,,TGA
intravenous,02.08.2021,2021.0,authorised,australia,approved,14.07.2022,2022,neoplasms; diseases of the genitourinary system,auspar-opdivo-230606.pdf,biologics,opdivo,"opdivo, as monotherapy, is indicated for the adjuvant treatment of patients with muscle invasive urothelial carcinoma (miuc) who are at high risk of recurrence after undergoing radical resection of miuc.",<urothelial carcinoma>,yes,"opdivo, as monotherapy, is indicated for the adjuvant treatment of patients with muscle invasive urothelial carcinoma (miuc) who are at high risk of recurrence after undergoing radical resection of miuc.",<urothelial carcinoma>,bristol-myers squibb australia pty ltd,bristol-myers squibb,"231867, 231868, 318057",nivolumab,yes,no,concentrate,pm-2021-02518-1-4,,TGA
infusion,31.03.2022,2022.0,authorised,australia,approved,17.02.2023,2023,neoplasms; diseases of the respiratory system,auspar-opdivo-240903.pdf,biologics,opdivo,neoadjuvant treatment of patients with resectable non-small cell lung cancer (nsclc),<lung neoplasms>,yes,neoadjuvant treatment of patients with resectable non-small cell lung cancer (nsclc),<non-small cell lung carcinoma>,bristol-myers squibb australia pty ltd,bristol-myers squibb,"231867, 231868, 318057",nivolumab,yes,no,concentrate,pm-2022-00374-1-4,,TGA
oral,18.12.2018,2018.0,authorised,ema,approved,17.10.2019,2019,diseases of the musculoskeletal system and connective tissue,rinvoq-epar-public-assessment-report_en.pdf,small molecule,rinvoq,"treatment of moderate to severe active rheumatoid arthritis in adult patients who have responded inadequately to, or who are intolerant to one or more disease-modifying anti-rheumatic drugs (dmards)",<rheumatoid arthritis>,no,"treatment of moderate to severe active rheumatoid arthritis in adult patients who have responded inadequately to, or who are intolerant to one or more disease-modifying anti-rheumatic drugs (dmards)",<rheumatoid arthritis>,abbvie deutschland gmbh & co. kg,abbvie,ema/608624/2019,upadacitinib,no,no,tablet,emea/h/c/004760/0000,na,EMA
oral,28.10.2020,2020.0,authorised,japan,approved,30.07.2021,2021,diseases of the skin,000250304.pdf,small molecule,rinvoq,atopic dermatitis that have an inadequate response to conventional treatments,"<dermatitis, atopic>",yes,,not reported,abbvie gk,abbvie,,upadacitinib hydrate,yes,no,tablet,,,PMDA
oral,17.06.2020,2020.0,authorised (under additional monitoring),swissmedic,approved,23.03.2021,2021,diseases of the musculoskeletal system and connective tissue,swisspar_rinvoq_as_final.pdf,small molecule,rinvoq,rinvoq is indicated for the treatment of active ankylosing spondylitis in adult patients who have responded inadequately to non-steroidal anti-inflammatory drugs (nsaids).,<ankylosing spondylitis>,yes,rinvoq is used for the treatment of adults with active ankylosing spondylitis who responded inadequately to conventional therapy.,<ankylosing spondylitis>,abbvie ag,abbvie,67257,upadacitinib,yes,no,tablet,,na,Swissmedic
oral,11.01.2019,2019.0,authorised,swissmedic,approved,20.01.2020,2020,diseases of the musculoskeletal system and connective tissue,swisspar_rinvoq_final.pdf,small molecule,rinvoq,"rinvoq is indicated for the treatment of adults with moderately to severely active rheumatoid arthritis, who had an inadequate response or are intolerant to a treatment with one or more conventional synthetic disease-modifying anti-rheumatic drugs (csdmard).",<rheumatoid arthritis>,no,rinvoq is indicated for the treatment of adults with moderately to severely active rheumatoid arthritis.,<rheumatoid arthritis>,abbvie ag,abbvie,67257,"upadacitinib, upadacitinib hemihydrate",no,no,tablet,,na,Swissmedic
oral,19.10.2020,2020.0,authorised,swissmedic,approved,26.11.2021,2021,diseases of the skin,swisspar_rinvoq_ie.pdf,small molecule,rinvoq,rinvoq is indicated for the treatment of moderate to severe atopic dermatitis in adults when conventional topical drug therapy does not provide adequate disease control or cannot be used.,"<dermatitis, atopic>",yes,rinvoq is indicated for the treatment of moderate to severe atopic dermatitis in adults who are candidates for systemic therapy.,"<dermatitis, atopic>",abbvie ag,abbvie,67257,upadacitinib as upadacitinib hemihydrate,yes,no,tablet,,na,Swissmedic
oral,14.10.2022,2022.0,authorised,swissmedic,approved,07.06.2024,2024,diseases of the digestive system,swisspar_rinvoq_ie_colitis_ulerosa.pdf,small molecule,rinvoq,"rinvoq is indicated for the treatment of adult patients with moderately to severely active ulcerative colitis who have had an inadequate response, lost response, or were intolerant to at least 1 biologic agent, or for whom such a therapy is contraindicated.",<ulcerative colitis>,yes,"rinvoq is indicated for the treatment of adult patients with moderately to severely active ulcerative colitis who have had an inadequate response, lost response, or were intolerant to either conventional therapy or a biologic agent.","<colitis, ulcerative>",abbvie ag,abbvie,67257,upadacitinib,yes,no,tablet,,na,Swissmedic
oral,01.11.2022,2022.0,authorised,swissmedic,approved,07.06.2024,2024,diseases of the digestive system,swisspar_rinvoq_morbus_crohn.pdf,small molecule,rinvoq,"treatment of adult patients with moderately to severely active crohn’s disease who have had an inadequate response, lost response, or were intolerant to at least 1 biologic agent, or for whom such a therapy is contraindicated.",<crohn disease>,yes,"treatment of adult patients with moderately to severely active crohn's disease who have responded inadequately to, no longer respond to, or are intolerant of conventional therapy or a biologic, or for whom such therapies are inadvisable.",<crohn disease>,abbvie ag,abbvie,67257,upadacitinib as upadacitinib hemihydrate,yes,no,tablet,,na,Swissmedic
oral,16.06.2020,2020.0,authorised (under additional monitoring),swissmedic,approved,23.03.2021,2021,diseases of the musculoskeletal system and connective tissue,swisspar_rinvoq_psor_arthr_final.pdf,small molecule,rinvoq,"rinvoq is indicated for the treatment of active psoriatic arthritis in adult patients who have responded inadequately to, or who are intolerant to one or more dmards. rinvoq may be used as monotherapy or in combination with non-biologic dmards.","<arthritis, psoriatic>",yes,"rinvoq is used to treat adults with active psoriatic arthritis who have responded poorly to, or cannot tolerate, treatment with one or more disease-modifying anti-rheumatic drugs (dmards). rinvoq may be used as monotherapy or in combination with non-biological dmards. rinvoq inhibits the progression of structural damage and improves physical functions.","<arthritis, psoriatic>",abbvie ag,abbvie,67257,upadacitinib,yes,no,tablet,,na,Swissmedic
oral,02.11.2020,2020.0,authorised (under additional monitoring),australia,approved,17.09.2021,2021,diseases of the skin,auspar-rinvoq-230306.pdf,small molecule,rinvoq,treatment of moderate to severe atopic dermatitis in adults and adolescents aged 12 years and above who weigh at least 40 kg,"<dermatitis, atopic>",yes,treatment of moderate to severe atopic dermatitis in adults and adolescents aged 12 years and above who weigh at least 40 kg,"<dermatitis, atopic>",abbvie pty ltd,abbvie,"312687, 346215",upadacitinib,yes,no,tablet,pm-2020-04791-1-1,,TGA
oral,28.02.2022,2022.0,authorised,australia,approved,06.01.2023,2023,diseases of the musculoskeletal system and connective tissue,auspar-rinvoq-240821.pdf,small molecule,rinvoq,"treatment of adults with active non-radiographic axial spondyloarthritis with objective signs of inflammation as indicated by elevated c-reactive protein (crp) and/or magnetic resonance imaging (mri) change, who have responded inadequately to, or are intolerant to nonsteroidal anti-inflammatory drugs (nsaids).","<arthritis, spondylarthritis>",yes,treatment of adults with active non-radiographic axial spondyloarthritis with objective signs of inflammation.,"<arthritis, spondylarthritis>",abbvie pty ltd,abbvie,"312687, 346215, 375857",upadacitinib,yes,no,tablet,pm-2022-00116-1-3,,TGA
oral,31.01.2019,2019.0,authorised,australia,approved,17.01.2020,2020,diseases of the musculoskeletal system and connective tissue,auspar-upadacitinib-200424.pdf,small molecule,rinvoq,"treatment of moderate to severe active rheumatoid arthritis in adult patients who have responded inadequately to, or who are intolerant to, one or more disease-modifying anti-rheumatic drugs (dmards).",<rheumatoid arthritis>,no,"treatment of moderate to severe active rheumatoid arthritis in adult patients who have responded inadequately to, or who are intolerant to, one or more disease-modifying anti-rheumatic drugs (dmards).",<rheumatoid arthritis>,abbvie pty ltd,abbvie,312687,upadacitinib,no,no,tablet,pm-2018-05603-1-3,na,TGA
oral,30.06.2020,2020.0,authorised (under additional monitoring),australia,approved,06.05.2021,2021,diseases of the musculoskeletal system and connective tissue; diseases of the skin,auspar-upadacitinib-210716.pdf,small molecule,rinvoq,psoriatic arthritis; ankylosing spondylitis,<psoriatic arthritis>; <ankylosing spondylitis>,yes,psoriatic arthritis; ankylosing spondylitis,<psoriatic arthritis>; <ankylosing spondylitis>,abbvie pty ltd,abbvie,312687,upadacitinib,yes,no,tablet,pm-2020-02479-1-3,,TGA
intramuscular,10.08.2022,2022.0,authorised,japan,approved,06.09.2022,2022,infectious and parasitic diseases,000249128.pdf,vaccine,spikevax,prevention of disease caused by sars-cov-2 infection (covid-19),<covid-19>,yes,prevention of disease caused by sars-cov-2 infection (covid-19),<sars-cov-2>,"moderna japan co., ltd.",moderna,,coronavirus modified uridine rna vaccine,no,no,suspension,,na,PMDA
intramuscular,09.02.2023,2023.0,authorised,japan,approved,15.06.2023,2023,infectious and parasitic diseases,000269293.pdf,vaccine,spikevax,prevention of disease caused by sars-cov-2 infection (covid-19),<coronavirus infections>,yes,prevention of disease caused by sars-cov-2 infection (covid-19),<sars-cov-2 infections>,"moderna japan co., ltd.",moderna,,coronavirus (sars-cov-2) rna vaccine,yes,no,suspension,,,PMDA
intramuscular,25.05.2023,2023.0,authorised,japan,approved,05.10.2023,2023,infectious and parasitic diseases,000274240.pdf,vaccine,spikevax,prevention of disease caused by sars-cov-2 infection (covid-19),<sars-cov-2 infections>,yes,prevention of disease caused by sars-cov-2 infection (covid-19),<sars-cov-2 infections>,"moderna japan co., ltd.",moderna,,coronavirus rna vaccine,yes,no,suspension,,,PMDA
intramuscular,12.11.2020,2020.0,authorised,swissmedic,approved,12.01.2021,2021,infectious and parasitic diseases,20211203_swisspar-spikevax.pdf,vaccine,spikevax,covid-19 vaccine moderna is indicated for active immunisation to prevent coronavirus disease 2019 (covid-19) caused by the sars-cov-2 virus in individuals 18 years of age and older.,<coronavirus disease 2019>,no,covid-19 vaccine moderna is indicated for active immunisation to prevent coronavirus disease 2019 (covid-19) caused by the sars-cov-2 virus in individuals 18 years of age and older.,<coronavirus disease 2019>,moderna switzerland gmbh,moderna,68267,cx-024414,yes,no,dispersion,,na,Swissmedic
intramuscular,08.07.2021,2021.0,authorised (under additional monitoring),australia,approved,03.09.2021,2021,infectious and parasitic diseases; diseases of the respiratory system,auspar-elasomeran-210903.pdf,vaccine,spikevax,active immunisation to prevent coronavirus disease 2019 (covid-19) caused by sars-cov-2 in individuals 12 years of age and older.,<coronavirus infections>,no,active immunisation to prevent covid-19 caused by sars-cov-2 in individuals 12-17 years of age and older.,<covid-19>,moderna australia pty ltd,moderna,370599,elasomeran,yes,no,suspension,pm-2021-02994-1-2,,TGA
intramuscular,25.11.2021,2021.0,authorised,australia,approved,17.02.2022,2022,infectious and parasitic diseases; diseases of the respiratory system,auspar-elasomeran-220221.pdf,vaccine,spikevax,active immunisation to prevent coronavirus disease 2019 (covid-19) caused by sars-cov-2 in individuals 6 years of age and older.,<coronavirus infections>,yes,active immunisation to prevent coronavirus disease 2019 (covid-19) caused by sars-cov-2 in individuals 6 years of age and older.,<coronavirus disease 2019>,moderna australia pty ltd,moderna,370599,elasomeran,yes,no,suspension,pm-2021-05269-1-2,,TGA
intramuscular,12.05.2022,2022.0,authorised (under additional monitoring),australia,approved,19.07.2022,2022,infectious and parasitic diseases,auspar-elasomeran-220727.pdf,vaccine,spikevax,active immunisation to prevent coronavirus disease 2019 (covid-19) caused by sars-cov-2 in individuals 6 months of age and older.,<coronavirus disease 2019>,yes,active immunisation to prevent coronavirus disease 2019 (covid-19) caused by sars-cov-2 in individuals 6 months of age and older.,<coronavirus disease 2019>,moderna australia pty ltd,moderna,"370599, 388244 and 388245",elasomeran,no,no,suspension,pm-2022-01792-1-2 and pm-2022-01760-1-2,na,TGA
intramuscular,08.11.2021,2021.0,authorised (under additional monitoring),australia,approved,07.12.2021,2021,infectious and parasitic diseases; diseases of the respiratory system,auspar-elasomeran-mrna-1273-211208.pdf,vaccine,spikevax,active immunisation to prevent coronavirus disease 2019 (covid-19) caused by sars-cov-2 in individuals 18 years of age and older.,<coronavirus infections>,yes,active immunisation to prevent coronavirus disease 2019 (covid-19) caused by sars-cov-2 in individuals 12 years of age and older.,<coronavirus disease 2019>,moderna australia pty ltd,moderna,370599,elasomeran,yes,no,suspension,,,TGA
intramuscular,08.07.2021,2021.0,authorised (under additional monitoring),australia,approved,09.08.2021,2021,infectious and parasitic diseases; diseases of the respiratory system,auspar-elasomeran.pdf,vaccine,spikevax,active immunisation to prevent covid-19 caused by sars-cov-2 in individuals 18 years of age and older.,<covid-19>,no,active immunisation to prevent covid-19 caused by sars-cov-2 in individuals 18 years of age and older.,<covid-19>,moderna australia pty ltd,moderna,370599,elasomeran,no,no,suspension,pm-2021-02994-1-2,na,TGA
intramuscular,08.03.2022,2022.0,authorised,australia,approved,19.10.2022,2022,infectious and parasitic diseases,auspar-spikevax-20221108.pdf,vaccine,spikevax,active immunisation to prevent coronavirus disease 2019 (covid-19) caused by sars-cov-2 in individuals 6 months of age and older.,<coronavirus infections>,yes,active immunisation to prevent coronavirus disease 2019 (covid-19) caused by sars-cov-2 in individuals 6 months of age and older.,<coronavirus disease 2019>,moderna australia pty ltd,moderna,370599,elasomeran,no,no,suspension,pm-2022-00685-1-2,na,TGA
intramuscular,19.01.2023,2023.0,authorised (under additional monitoring),australia,approved,21.04.2023,2023,infectious and parasitic diseases; diseases of the respiratory system,auspar-spikevax-230511.pdf,vaccine,spikevax,active immunisation to prevent coronavirus disease 2019 (covid-19) caused by sars-cov-2 in individuals 6 years of age and older.,<coronavirus disease 2019>,no,active immunisation to prevent coronavirus disease 2019 (covid-19) caused by sars-cov-2 in individuals 6 years of age and older.,<coronavirus disease 2019>,moderna australia pty ltd,moderna,"370599, 388244 and 388245",elasomeran,yes,no,suspension,pm-2022-05374-1-2,,TGA
intravenous,20.04.2016,2016.0,authorised,ema,approved,20.07.2017,2017,neoplasms; diseases of the respiratory system; diseases of the genitourinary system,tecentriq-epar-public-assessment-report_en.pdf,biologics,tecentriq,tecentriq as monotherapy is indicated for the treatment of adult patients with locally advanced or metastatic urothelial carcinoma (uc) after prior platinum-containing chemotherapy or who are considered cisplatin ineligible; tecentriq as monotherapy is indicated for the treatment of adult patients with locally advanced or metastatic non-small cell lung cancer (nsclc) after prior chemotherapy.,<urothelial carcinoma>; <non-small cell lung carcinoma>,no,tecentriq is indicated for the treatment of adult patients with locally advanced or metastatic urothelial carcinoma after prior chemotherapy or who are considered cisplatin ineligible; tecentriq is indicated for the treatment of adult patients with locally advanced or metastatic non-small cell lung cancer (nsclc) after prior chemotherapy.,<urothelial carcinoma>; <non-small-cell lung carcinoma>,roche registration limited,roche,ema/153102/2018,atezolizumab,no,no,concentrate,emea/h/c/004143/0000,na,EMA
intravenous,17.02.2017,2017.0,authorised,japan,approved,06.11.2017,2017,neoplasms; diseases of the respiratory system,000234771.pdf,biologics,tecentriq,unresectable advanced or recurrent non-small cell lung cancer,<non-small cell lung carcinoma>,no,unresectable advanced or recurrent non-small cell lung cancer,<non-small-cell lung carcinoma>,"chugai pharmaceutical co., ltd.",chugai,,atezolizumab,no,no,solution,,na,PMDA
intravenous,07.12.2018,2018.0,authorised,japan,approved,02.08.2019,2019,neoplasms; diseases of the respiratory system,000234772.pdf,biologics,tecentriq,unresectable advanced or recurrent non-small cell lung cancer; extensive-stage small cell lung cancer,<lung neoplasms>,yes,unresectable small cell lung cancer,<small cell lung carcinoma>,"chugai pharmaceutical co., ltd.",chugai,,atezolizumab,yes,yes,injection,,,PMDA
intravenous,21.12.2018,2018.0,authorised,japan,approved,07.08.2019,2019,neoplasms,000235286.pdf,biologics,tecentriq,"pd-l1-positive, hormone-receptor-negative and her2-negative inoperable or recurrent breast cancer",<breast neoplasms>,yes,pd-l1-positive inoperable or recurrent breast cancer,<breast neoplasms>,"chugai pharmaceutical co., ltd.",chugai,,atezolizumab,yes,no,injection,,,PMDA
intravenous,23.01.2019,2019.0,authorised,japan,approved,10.10.2019,2019,neoplasms; diseases of the respiratory system,000235287.pdf,biologics,tecentriq,unresectable advanced or recurrent non-small cell lung cancer; extensive-stage small cell lung cancer,<lung neoplasms>,yes,unresectable advanced or recurrent non-small cell lung cancer,<non-small-cell lung carcinoma>,"chugai pharmaceutical co., ltd.",chugai,,atezolizumab,yes,no,injection,,,PMDA
intravenous,29.07.2016,2016.0,authorised,australia,approved,26.07.2017,2017,neoplasms; diseases of the respiratory system; diseases of the genitourinary system,auspar-atezolizumab-180903.pdf,biologics,tecentriq,treatment of patients with locally advanced or metastatic non-small cell lung cancer (nsclc) with progression on or after prior chemotherapy.,<lung neoplasms>,no,treatment of patients with locally advanced or metastatic non-small cell lung cancer (nsclc) after prior chemotherapy and treatment of patients with locally advanced or metastatic urothelial carcinoma after prior chemotherapy.,<non-small cell lung carcinoma>; <urothelial carcinoma>,roche products pty ltd,roche,277120,atezolizumab,no,no,concentrate,pm-2016-02087-1-4,na,TGA
intravenous,01.04.2019,2019.0,authorised,australia,approved,13.02.2020,2020,neoplasms; diseases of the respiratory system,auspar-atezolizumab-200604.pdf,biologics,tecentriq,first line treatment of patients with metastatic non-squamous nsclc who do not have tumour egfr or alk genomic aberrations,<non-small cell lung carcinoma>,yes,first line treatment of patients with metastatic non-squamous nsclc who do not have tumour egfr or alk genomic aberrations,<non-small cell lung carcinoma>,roche products pty ltd,roche,277120 and 310681,atezolizumab,yes,no,concentrate,pm-2019-00505-1-4,,TGA
intravenous,27.06.2018,2018.0,authorised,ema,approved,26.04.2019,2019,diseases of the blood and blood-forming organs,ultomiris-epar-public-assessment-report_en.pdf,biologics,ultomiris,treatment of adult patients with paroxysmal nocturnal haemoglobinuria,<paroxysmal nocturnal hemoglobinuria>,no,treatment of adult patients with paroxysmal nocturnal haemoglobinuria,<paroxysmal nocturnal hemoglobinuria>,alexion europe sas,alexion,ema/chmp/220699/2019,ravulizumab,no,no,concentrate,emea/h/c/004954/0000,na,EMA
intravenous,15.05.2019,2019.0,authorised (under additional monitoring),swissmedic,approved,20.01.2020,2020,diseases of the blood and blood-forming organs,swisspar_ultomiris__.pdf,biologics,ultomiris,ultomiris is used in the treatment of adult patients with paroxysmal nocturnal haemoglobinuria (pnh): - in patients with haemolysis with one or more clinical symptom(s) indicative of high disease activity - in patients who are clinically stable after having been treated with eculizumab for at least the past 6 months,<paroxysmal nocturnal hemoglobinuria>,no,ultomiris is used in the treatment of adult patients with paroxysmal nocturnal haemoglobinuria (pnh): - in patients with haemolysis with one or more clinical symptom(s) indicative of high disease activity - in patients who are clinically stable after having been treated with eculizumab for at least the past 6 months,<paroxysmal nocturnal hemoglobinuria>,alexion pharma gmbh,alexion,67278,ravulizumabum,yes,yes,concentrate,,european medicines agency ema,Swissmedic
intravenous,19.10.2022,2022.0,authorised (under additional monitoring),swissmedic,approved,29.08.2023,2023,diseases of the nervous system,swisspar_ultomiris_final.pdf,biologics,ultomiris,neuromyelitis optica spectrum disorder (nmosd),<neuromyelitis optica>,yes,neuromyelitis optica spectrum disorder (nmosd),<neuromyelitis optica>,alexion pharma gmbh,alexion,67278,ravulizumab,yes,yes,concentrate,,na,Swissmedic
intravenous,02.12.2020,2020.0,authorised (under additional monitoring),swissmedic,approved,24.08.2021,2021,diseases of the blood and blood-forming organs; diseases of the genitourinary system,swisspar_ultomiris_ie.pdf,biologics,ultomiris,"ultomiris is used in the treatment of patients weighing 10 kg and over with atypical haemolytic uraemic syndrome (ahus) who have not previously been treated with complement inhibitors (complement inhibitor-naïve patients) or have received eculizumab for at least 3 months, with evidence of a response to eculizumab.",<atypical hemolytic uremic syndrome>,yes,ultomiris is used in the treatment of patients with a body weight of 10 kg and over with atypical haemolytic uremic syndrome (ahus) who are complement inhibitor treatment-naïve or have received eculizumab for at least 3 months and have evidence of response to eculizumab,<atypical hemolytic uremic syndrome>,alexion pharma gmbh,alexion,67278,ravulizumab,yes,yes,concentrate,,european medicines agency ema,Swissmedic
intravenous,19.11.2021,2021.0,authorised (under additional monitoring),swissmedic,approved,14.07.2022,2022,diseases of the blood and blood-forming organs,swisspar_ultomiris_ie_final.pdf,biologics,ultomiris,ultomiris is used in the treatment of adult and paediatric patients with a body weight of 10 kg or above with paroxysmal nocturnal haemoglobinuria (pnh): in patients with haemolysis with one or more clinical symptom(s) indicative of high disease activity; in patients who are clinically stable after having been treated with eculizumab for at least the past 6 months.,<paroxysmal nocturnal hemoglobinuria>,yes,ultomiris is indicated in the treatment of adult and paediatric patients with a body weight of 10 kg or above with paroxysmal nocturnal haemoglobinuria (pnh): in patients with haemolysis with clinical symptom(s) indicative of high disease activity; in patients who are clinically stable after having been treated with eculizumab for at least the past 6 months.,<paroxysmal nocturnal hemoglobinuria>,alexion pharma gmbh,alexion,67278,ravulizumab,yes,yes,concentrate,,ema,Swissmedic
intravenous,02.01.2019,2019.0,authorised (under additional monitoring),australia,approved,08.10.2019,2019,diseases of the blood and blood-forming organs,auspar-ravulizumab-191113.pdf,biologics,ultomiris,treatment of adult patients with paroxysmal nocturnal haemoglobinuria (pnh),<paroxysmal nocturnal hemoglobinuria>,no,treatment of adult patients with paroxysmal nocturnal haemoglobinuria (pnh),<paroxysmal nocturnal hemoglobinuria>,alexion pharmaceuticals australasia pty ltd,alexion,311926,ravulizumab,yes,yes,solution,pm-2018-05023-1-6,,TGA
intravenous,01.06.2021,2021.0,authorised (under additional monitoring),australia,approved,11.08.2022,2022,diseases of the blood and blood-forming organs; diseases of the genitourinary system,auspar-ultomiris-230522.pdf,biologics,ultomiris,paroxysmal nocturnal haemoglobinuria (pnh); atypical haemolytic uraemic syndrome (ahus),<paroxysmal nocturnal hemoglobinuria>; <hemolytic-uremic syndrome>,yes,treatment of paediatric patients with paroxysmal nocturnal haemoglobinuria (pnh) and patients with atypical haemolytic uraemic syndrome (ahus),<paroxysmal nocturnal hemoglobinuria>; <hemolytic-uremic syndrome>,alexion pharmaceuticals australasia pty ltd,alexion,"311926, 330566, 336710",ravulizumab,yes,yes,solution,pm-2021-01659-1-6,,TGA
intravenous,31.07.2023,2023.0,authorised,australia,approved,19.01.2024,2024,diseases of the nervous system,auspar-ultomiris-240708.pdf,biologics,ultomiris,treatment of adult patients with neuromyelitis optica spectrum disorder (nmosd) who are anti-aquaporin 4 (aqp4) antibody-positive,<neuromyelitis optica spectrum disorder>,yes,treatment of adult patients with neuromyelitis optica spectrum disorder (nmosd) who are anti-aquaporin 4 (aqp4) antibody-positive,<neuromyelitis optica spectrum disorder>,alexion pharmaceuticals australasia pty ltd,alexion,"311926, 330566, 336710",ravulizumab,yes,no,solution,pm-2023-02695-1-1,,TGA
oral,03.03.2016,2016.0,authorised,ema,approved,26.01.2017,2017,diseases of the musculoskeletal system and connective tissue,xeljanz-epar-public-assessment-report_en.pdf,small molecule,xeljanz,"xeljanz in combination with methotrexate (mtx) is indicated for the treatment of moderate to severe active rheumatoid arthritis (ra) in adult patients who have responded inadequately to, or who are intolerant to one or more disease-modifying antirheumatic drugs.",<rheumatoid arthritis>,no,xeljanz in combination with methotrexate (mtx) is indicated for the treatment of moderate to severe active rheumatoid arthritis (ra) in adult patients who have had an inadequate response to mtx.,<rheumatoid arthritis>,pfizer limited,pfizer,ema/853224/2016,tofacitinib,no,no,tablet,emea/h/c/004214/0000,na,EMA
oral,01.12.2011,2011.0,authorised,japan,approved,13.03.2013,2013,diseases of the musculoskeletal system and connective tissue,000153609.pdf,small molecule,xeljanz,rheumatoid arthritis in patients who have not adequately responded to conventional treatments,<rheumatoid arthritis>,no,rheumatoid arthritis in patients who have not adequately responded to conventional treatments,<rheumatoid arthritis>,pfizer japan inc.,pfizer,,tofacitinib citrate,no,no,tablet,,na,PMDA
oral,31.05.2017,2017.0,authorised,japan,approved,27.04.2018,2018,diseases of the digestive system,000237584.pdf,small molecule,xeljanz,induction and maintenance of remission in patients with moderately to severely active ulcerative colitis (only patients who have not adequately responded to conventional treatments),<ulcerative colitis>,yes,rheumatoid arthritis in patients who have not adequately responded to conventional treatments; induction and maintenance of remission in patients with moderate to severe ulcerative colitis (only patients who have not adequately responded to conventional treatments),<rheumatoid arthritis>; <ulcerative colitis>,pfizer japan inc.,pfizer,,tofacitinib citrate,yes,no,tablet,,,PMDA
oral,,,authorised,australia,approved,13.01.2015,2015,diseases of the musculoskeletal system and connective tissue,auspar-tofacitinib-as-citrate-150306.pdf,small molecule,xeljanz,treatment of the signs and symptoms of moderate to severe active rheumatoid arthritis in adults who have had an inadequate response or are intolerant to methotrexate,<rheumatoid arthritis>,no,treatment of moderate to severe active rheumatoid arthritis in adults who have had an inadequate response or are intolerant to previous dmard therapy,<rheumatoid arthritis>,pfizer australia pty ltd,pfizer,"196987, 233439",tofacitinib,no,no,tablet,pm-2012-00788-3-3,na,TGA
oral,06.06.2016,2016.0,authorised,australia,approved,01.06.2017,2017,diseases of the musculoskeletal system and connective tissue,auspar-tofacitinib-as-citrate-180525.pdf,small molecule,xeljanz,treatment of moderate to severe active rheumatoid arthritis in adults who have had an inadequate response or are intolerant to methotrexate.,<rheumatoid arthritis>,yes,treatment of moderate to severe active rheumatoid arthritis in adults who have had an inadequate response or are intolerant to methotrexate.,<rheumatoid arthritis>,pfizer australia pty ltd,pfizer,"196987, 233439",tofacitinib,yes,no,tablet,,,TGA
oral,31.01.2018,2018.0,authorised (under additional monitoring),australia,approved,11.02.2019,2019,diseases of the digestive system,auspar-tofacitinib-as-citrate-190910.pdf,small molecule,xeljanz,ulcerative colitis,<ulcerative colitis>,yes,"treatment of adult patients with moderately to severely active ulcerative colitis (uc) who have had an inadequate response, lost response, or were intolerant to conventional therapy.",<ulcerative colitis>,pfizer australia pty ltd,pfizer,"196987, 233439, 298307",tofacitinib,yes,no,tablet,pm-2017-04764-1-1,,TGA
oral,30.11.2017,2017.0,authorised,australia,approved,08.11.2018,2018,diseases of the musculoskeletal system and connective tissue; diseases of the skin,auspar-tofacitinib-as-citrate-190925.pdf,small molecule,xeljanz,psoriatic arthritis,"<arthritis, psoriatic>",yes,treatment of active psoriatic arthritis in adult patients who have had an inadequate response or who have been intolerant to a prior dmard therapy.,"<arthritis, psoriatic>",pfizer australia pty ltd,pfizer,"196987, 233439",tofacitinib,yes,no,tablet,pm-2017-03802-1-3,,TGA
oral,06.11.2019,2019.0,authorised,ema,approved,12.11.2020,2020,infectious and parasitic diseases; diseases of the respiratory system,xofluza-epar-public-assessment-report_en.pdf,small molecule,xofluza,"treatment of influenza in patients aged 12 and above, including patients at high risk of developing influenza-related complications; prophylaxis of influenza for post-exposure prophylaxis in individuals aged 12 and above",<influenza>,no,"treatment of influenza in patients aged 12 and above, including patients at high risk of developing influenza-related complications; prophylaxis of influenza for post-exposure prophylaxis in individuals aged 12 and above",<influenza>,roche registration gmbh,roche,ema/537088/2020,baloxavir marboxil,no,no,tablet,emea/h/c/004974/0000,na,EMA
oral,25.10.2017,2017.0,authorised,japan,approved,02.02.2018,2018,infectious and parasitic diseases; diseases of the respiratory system,000225380.pdf,small molecule,xofluza,influenza a or b virus infection,<influenza>,no,influenza a or b virus infection,<influenza>,"shionogi & co., ltd.",shionogi,,baloxavir marboxil,no,no,tablet,,na,PMDA
oral,16.10.2019,2019.0,authorised,japan,approved,30.10.2020,2020,infectious and parasitic diseases,000246924.pdf,small molecule,xofluza,treatment and prophylaxis of influenza a or b virus infection,<influenza>,yes,prophylaxis of influenza a or b virus infection,<influenza>,"shionogi & co., ltd.",shionogi,,baloxavir marboxil,no,no,tablet,,na,PMDA
oral,01.07.2020,2020.0,authorised,swissmedic,approved,19.11.2021,2021,infectious and parasitic diseases; diseases of the respiratory system,swisspar_xofluza.pdf,small molecule,xofluza,post-exposure prophylaxis of influenza in individuals aged 12 years and above,<influenza>,yes,prophylaxis of influenza,<influenza>,roche pharma (schweiz) ag,roche,67426,baloxavirum marboxilum,no,no,tablet,,na,Swissmedic
oral,30.04.2019,2019.0,authorised,swissmedic,approved,19.02.2020,2020,infectious and parasitic diseases,swisspar_xofluza_final.pdf,small molecule,xofluza,treatment of uncomplicated influenza in patients aged 12 years and older who have been symptomatic for no more than 48 hours and who are otherwise healthy or at high risk of developing influenza-related complications,<influenza>,no,treatment of influenza in patients aged 12 years and older who have been symptomatic for no more than 48 hours and who are at high risk of developing influenza-related complications,<influenza>,roche pharma (schweiz) ag,roche,67426,baloxavir marboxil,no,no,tablet,,na,Swissmedic
oral,30.09.2022,2022.0,authorised (under additional monitoring),swissmedic,approved,04.10.2023,2023,infectious and parasitic diseases,swisspar_xofluza_new_indication_final.pdf,small molecule,xofluza,treatment of influenza; influenza post-exposure prophylaxis,<influenza>,yes,treatment of influenza; influenza post-exposure prophylaxis,<influenza>,roche pharma (schweiz) ag,roche,67426,baloxavir marboxil,yes,no,tablet,,na,Swissmedic
oral,31.05.2019,2019.0,authorised (under additional monitoring),australia,approved,21.02.2020,2020,infectious and parasitic diseases; diseases of the respiratory system,auspar-baloxavir-marboxil-200604.pdf,small molecule,xofluza,treatment of uncomplicated influenza in patients aged 12 years and older who have been symptomatic for no more than 48 hours and who are otherwise healthy or at high risk of developing influenza complications.,<influenza>,no,treatment of uncomplicated influenza in patients aged 12 years and older who have been symptomatic for no more than 48 hours and who are otherwise healthy or at high risk of developing influenza complications.,<influenza>,roche products pty limited,roche,"317240, 317241",baloxavir marboxil,no,no,tablet,pm-2019-01386-1-2,na,TGA
